01.20.2021 00:01;26.50
01.20.2021 00:03;26.65
01.20.2021 00:04;26.65
01.20.2021 00:05;26.66
01.20.2021 00:06;26.61
01.20.2021 00:07;26.65
01.20.2021 00:08;26.60
01.20.2021 00:09;26.53
01.20.2021 00:10;26.58
01.20.2021 00:11;26.58
01.20.2021 00:12;26.58
01.20.2021 00:13;26.58
01.20.2021 00:14;26.55
01.20.2021 00:15;26.55
01.20.2021 00:16;26.53
01.20.2021 00:17;26.53
01.20.2021 00:18;26.50
01.20.2021 00:19;26.65
01.20.2021 00:20;26.58
01.20.2021 00:21;26.66
01.20.2021 00:22;26.68
01.20.2021 00:23;26.58
01.20.2021 00:24;26.66
01.20.2021 00:25;26.60
01.20.2021 00:26;26.62
01.20.2021 00:27;26.61
01.20.2021 00:28;26.61
01.20.2021 00:29;26.62
01.20.2021 00:30;26.62
01.20.2021 00:31;26.55
01.20.2021 00:32;26.61
01.20.2021 00:33;26.51
01.20.2021 00:34;26.48
01.20.2021 00:35;26.45
01.20.2021 00:36;26.45
01.20.2021 00:37;26.39
01.20.2021 00:38;26.50
01.20.2021 00:39;26.60
01.20.2021 00:40;26.60
01.20.2021 00:41;26.50
01.20.2021 00:42;26.70
01.20.2021 00:43;27.90
01.20.2021 00:44;30.00
01.20.2021 00:45;31.00
01.20.2021 00:46;32.50
01.20.2021 00:47;32.30
01.20.2021 00:48;32.10
01.20.2021 00:49;27.77
01.20.2021 00:50;28.14
01.20.2021 00:51;28.29
01.20.2021 00:52;28.40
01.20.2021 00:53;28.18
01.20.2021 00:54;28.00
01.20.2021 00:55;27.90
01.20.2021 00:56;27.93
01.20.2021 00:57;27.93
01.20.2021 00:58;27.79
01.20.2021 00:59;27.67
01.20.2021 01:00;27.70
01.20.2021 01:01;27.93
01.20.2021 01:02;28.04
01.20.2021 01:03;28.19
01.20.2021 01:04;28.31
01.20.2021 01:05;27.91
01.20.2021 01:06;28.00
01.20.2021 01:07;28.08
01.20.2021 01:08;28.15
01.20.2021 01:09;28.10
01.20.2021 01:10;28.10
01.20.2021 01:11;28.20
01.20.2021 01:12;28.38
01.20.2021 01:13;28.54
01.20.2021 01:14;28.48
01.20.2021 01:15;28.43
01.20.2021 01:16;28.49
01.20.2021 01:17;28.38
01.20.2021 01:18;28.34
01.20.2021 01:19;28.40
01.20.2021 01:20;28.40
01.20.2021 01:21;28.10
01.20.2021 01:22;28.07
01.20.2021 01:23;28.10
01.20.2021 01:24;28.15
01.20.2021 01:25;28.18
01.20.2021 01:26;28.05
01.20.2021 01:27;28.00
01.20.2021 01:28;27.84
01.20.2021 01:29;28.00
01.20.2021 01:30;28.00
01.20.2021 01:31;27.88
01.20.2021 01:32;27.87
01.20.2021 01:33;27.98
01.20.2021 01:34;27.90
01.20.2021 01:35;27.95
01.20.2021 01:36;27.92
01.20.2021 01:37;27.87
01.20.2021 01:38;27.85
01.20.2021 01:39;27.81
01.20.2021 01:40;27.81
01.20.2021 01:41;27.85
01.20.2021 01:42;27.78
01.20.2021 01:43;27.74
01.20.2021 01:44;27.75
01.20.2021 01:45;27.74
01.20.2021 10:01;27.74
01.20.2021 10:02;27.70
01.20.2021 10:03;28.10
01.20.2021 10:04;28.00
01.20.2021 10:05;28.00
01.20.2021 10:06;28.00
01.20.2021 10:07;27.83
01.20.2021 10:08;27.85
01.20.2021 10:09;27.98
01.20.2021 10:10;28.28
01.20.2021 10:11;28.30
01.20.2021 10:12;28.30
01.20.2021 10:13;28.20
01.20.2021 10:14;28.18
01.20.2021 10:15;28.02
01.20.2021 10:16;28.16
01.20.2021 10:17;28.15
01.20.2021 10:18;28.13
01.20.2021 10:19;28.02
01.20.2021 10:20;28.00
01.20.2021 10:21;28.10
01.20.2021 10:22;28.01
01.20.2021 10:23;27.82
01.20.2021 10:24;27.98
01.20.2021 10:25;27.85
01.20.2021 10:26;27.75
01.20.2021 10:27;28.00
01.20.2021 10:28;27.82
01.20.2021 10:29;27.82
01.20.2021 10:30;27.60
01.20.2021 10:31;27.60
01.20.2021 10:32;27.77
01.20.2021 10:33;27.79
01.20.2021 10:34;27.92
01.20.2021 10:35;27.97
01.20.2021 10:36;28.00
01.20.2021 10:37;27.97
01.20.2021 10:38;28.00
01.20.2021 10:39;28.01
01.20.2021 10:40;28.00
01.20.2021 10:41;28.00
01.20.2021 10:42;28.09
01.20.2021 10:43;28.09
01.20.2021 10:44;28.07
01.20.2021 10:45;28.08
01.20.2021 10:46;28.08
01.20.2021 10:47;28.08
01.20.2021 10:48;28.08
01.20.2021 10:49;28.09
01.20.2021 10:50;28.08
01.20.2021 10:51;28.08
01.20.2021 10:52;28.07
01.20.2021 10:53;28.06
01.20.2021 10:54;28.07
01.20.2021 10:55;28.10
01.20.2021 10:56;28.09
01.20.2021 10:57;28.01
01.20.2021 10:58;27.94
01.20.2021 10:59;27.93
01.20.2021 11:00;27.79
01.20.2021 11:01;27.79
01.20.2021 11:02;27.70
01.20.2021 11:03;27.70
01.20.2021 11:04;27.70
01.20.2021 11:05;27.89
01.20.2021 11:06;27.69
01.20.2021 11:07;27.70
01.20.2021 11:08;27.50
01.20.2021 11:09;27.31
01.20.2021 11:10;27.49
01.20.2021 11:11;27.35
01.20.2021 11:12;27.50
01.20.2021 11:13;27.80
01.20.2021 11:14;27.61
01.20.2021 11:15;27.52
01.20.2021 11:16;27.71
01.20.2021 11:17;27.65
01.20.2021 11:18;27.64
01.20.2021 11:19;27.65
01.20.2021 11:20;27.56
01.20.2021 11:21;27.56
01.20.2021 11:22;27.56
01.20.2021 11:23;27.60
01.20.2021 11:24;27.59
01.20.2021 11:25;27.59
01.20.2021 11:26;27.59
01.20.2021 11:27;27.60
01.20.2021 11:28;27.65
01.20.2021 11:29;27.70
01.20.2021 11:30;27.77
01.20.2021 11:31;27.79
01.20.2021 11:32;27.78
01.20.2021 11:33;27.76
01.20.2021 11:34;27.78
01.20.2021 11:35;27.78
01.20.2021 11:36;27.79
01.20.2021 11:37;27.79
01.20.2021 11:38;27.79
01.20.2021 11:39;27.75
01.20.2021 11:40;27.72
01.20.2021 11:41;27.75
01.20.2021 11:42;27.70
01.20.2021 11:43;27.69
01.20.2021 11:44;27.70
01.20.2021 11:45;27.62
01.20.2021 11:46;27.69
01.20.2021 11:47;27.69
01.20.2021 11:48;27.72
01.20.2021 11:49;27.69
01.20.2021 11:50;27.69
01.20.2021 11:51;27.67
01.20.2021 11:52;27.67
01.20.2021 11:53;27.67
01.20.2021 11:54;27.59
01.20.2021 11:55;27.65
01.20.2021 11:56;27.66
01.20.2021 11:57;27.66
01.20.2021 11:58;27.65
01.20.2021 11:59;27.59
01.20.2021 12:00;27.60
01.20.2021 12:01;27.64
01.20.2021 12:02;28.62
01.20.2021 12:03;28.19
01.20.2021 12:04;28.00
01.20.2021 12:05;28.10
01.20.2021 12:06;28.10
01.20.2021 12:07;28.05
01.20.2021 12:08;28.10
01.20.2021 12:09;28.22
01.20.2021 12:10;28.20
01.20.2021 12:11;28.20
01.20.2021 12:12;28.19
01.20.2021 12:13;28.10
01.20.2021 12:14;28.12
01.20.2021 12:15;28.20
01.20.2021 12:16;28.19
01.20.2021 12:17;28.22
01.20.2021 12:18;28.25
01.20.2021 12:19;28.13
01.20.2021 12:20;28.28
01.20.2021 12:21;28.30
01.20.2021 12:22;28.29
01.20.2021 12:23;28.28
01.20.2021 12:24;28.20
01.20.2021 12:25;28.11
01.20.2021 12:26;28.27
01.20.2021 12:27;28.33
01.20.2021 12:28;28.27
01.20.2021 12:29;28.35
01.20.2021 12:30;28.37
01.20.2021 12:31;28.40
01.20.2021 12:32;28.37
01.20.2021 12:33;28.11
01.20.2021 12:34;28.10
01.20.2021 12:35;28.25
01.20.2021 12:36;28.23
01.20.2021 12:37;28.25
01.20.2021 12:38;28.12
01.20.2021 12:39;28.15
01.20.2021 12:40;28.29
01.20.2021 12:41;28.29
01.20.2021 12:42;28.29
01.20.2021 12:43;28.28
01.20.2021 12:44;28.22
01.20.2021 12:45;28.21
01.20.2021 12:46;28.16
01.20.2021 12:47;28.16
01.20.2021 12:48;28.20
01.20.2021 12:49;28.20
01.20.2021 12:50;28.19
01.20.2021 12:51;28.15
01.20.2021 12:52;28.18
01.20.2021 12:53;28.18
01.20.2021 12:54;28.18
01.20.2021 12:55;28.11
01.20.2021 12:56;28.15
01.20.2021 12:57;28.15
01.20.2021 12:58;28.15
01.20.2021 12:59;28.13
01.20.2021 13:00;28.10
01.20.2021 13:01;28.11
01.20.2021 13:02;28.11
01.20.2021 13:03;28.12
01.20.2021 13:04;28.12
01.20.2021 13:05;28.12
01.20.2021 13:06;28.12
01.20.2021 13:07;28.08
01.20.2021 13:08;28.08
01.20.2021 13:09;28.08
01.20.2021 13:10;28.08
01.20.2021 13:11;28.07
01.20.2021 13:12;28.08
01.20.2021 13:13;28.05
01.20.2021 13:14;28.02
01.20.2021 13:15;28.04
01.20.2021 13:16;28.08
01.20.2021 13:17;28.10
01.20.2021 13:18;28.09
01.20.2021 13:19;28.02
01.20.2021 13:20;28.00
01.20.2021 13:21;28.02
01.20.2021 13:22;28.00
01.20.2021 13:23;28.01
01.20.2021 13:24;28.04
01.20.2021 13:25;28.10
01.20.2021 13:26;28.09
01.20.2021 13:27;28.10
01.20.2021 13:28;28.04
01.20.2021 13:29;28.10
01.20.2021 13:30;28.09
01.20.2021 13:31;28.09
01.20.2021 13:32;28.10
01.20.2021 13:33;28.10
01.20.2021 13:34;28.07
01.20.2021 13:35;28.06
01.20.2021 13:36;28.06
01.20.2021 13:37;28.09
01.20.2021 13:38;28.11
01.20.2021 13:39;28.11
01.20.2021 13:40;28.11
01.20.2021 13:41;28.05
01.20.2021 13:42;28.02
01.20.2021 13:43;28.07
01.20.2021 13:44;28.08
01.20.2021 13:45;28.08
01.20.2021 13:46;28.11
01.20.2021 13:47;28.10
01.20.2021 13:48;28.22
01.20.2021 13:49;28.22
01.20.2021 13:50;28.28
01.20.2021 13:51;28.25
01.20.2021 13:52;28.30
01.20.2021 13:53;28.30
01.20.2021 13:54;28.30
01.20.2021 13:55;28.30
01.20.2021 13:56;28.28
01.20.2021 13:57;28.30
01.20.2021 13:58;28.30
01.20.2021 13:59;28.34
01.20.2021 14:00;28.34
01.20.2021 14:01;28.33
01.20.2021 14:02;28.33
01.20.2021 14:03;28.39
01.20.2021 14:04;28.38
01.20.2021 14:05;28.31
01.20.2021 14:06;28.38
01.20.2021 14:07;28.28
01.20.2021 14:08;28.32
01.20.2021 14:09;28.37
01.20.2021 14:10;28.34
01.20.2021 14:11;28.31
01.20.2021 14:12;28.30
01.20.2021 14:13;28.30
01.20.2021 14:14;28.30
01.20.2021 14:15;28.30
01.20.2021 14:16;28.30
01.20.2021 14:17;28.38
01.20.2021 14:18;28.38
01.20.2021 14:19;28.45
01.20.2021 14:20;28.40
01.20.2021 14:21;28.49
01.20.2021 14:22;28.45
01.20.2021 14:23;28.47
01.20.2021 14:24;28.46
01.20.2021 14:25;28.49
01.20.2021 14:26;28.47
01.20.2021 14:27;28.47
01.20.2021 14:28;28.43
01.20.2021 14:29;28.47
01.20.2021 14:30;28.44
01.20.2021 14:31;28.37
01.20.2021 14:32;28.50
01.20.2021 14:33;28.40
01.20.2021 14:34;28.40
01.20.2021 14:35;28.45
01.20.2021 14:36;28.45
01.20.2021 14:37;28.45
01.20.2021 14:38;28.46
01.20.2021 14:39;28.49
01.20.2021 14:40;28.46
01.20.2021 14:41;28.46
01.20.2021 14:42;28.48
01.20.2021 14:43;28.46
01.20.2021 14:44;28.49
01.20.2021 14:45;28.46
01.20.2021 14:46;28.50
01.20.2021 14:47;28.49
01.20.2021 14:48;28.46
01.20.2021 14:49;28.46
01.20.2021 14:50;28.48
01.20.2021 14:51;28.45
01.20.2021 14:52;28.45
01.20.2021 14:53;28.39
01.20.2021 14:54;28.33
01.20.2021 14:55;28.30
01.20.2021 14:56;28.40
01.20.2021 14:57;28.29
01.20.2021 14:58;28.39
01.20.2021 14:59;28.33
01.20.2021 15:00;28.33
01.20.2021 15:01;28.29
01.20.2021 15:02;28.44
01.20.2021 15:03;28.43
01.20.2021 15:04;28.41
01.20.2021 15:05;28.43
01.20.2021 15:06;28.43
01.20.2021 15:07;28.43
01.20.2021 15:08;28.44
01.20.2021 15:09;28.44
01.20.2021 15:10;28.44
01.20.2021 15:11;28.33
01.20.2021 15:12;28.31
01.20.2021 15:13;28.31
01.20.2021 15:14;28.31
01.20.2021 15:15;28.31
01.20.2021 15:16;28.30
01.20.2021 15:17;28.30
01.20.2021 15:18;28.35
01.20.2021 15:19;28.35
01.20.2021 15:20;28.39
01.20.2021 15:21;28.35
01.20.2021 15:22;28.48
01.20.2021 15:23;28.44
01.20.2021 15:24;28.40
01.20.2021 15:25;28.53
01.20.2021 15:26;28.55
01.20.2021 15:27;28.57
01.20.2021 15:28;28.52
01.20.2021 15:29;28.58
01.20.2021 15:30;28.60
01.20.2021 15:31;28.57
01.20.2021 15:32;28.55
01.20.2021 15:33;28.59
01.20.2021 15:34;28.59
01.20.2021 15:35;28.53
01.20.2021 15:36;28.59
01.20.2021 15:37;28.49
01.20.2021 15:38;28.54
01.20.2021 15:39;28.49
01.20.2021 15:40;28.48
01.20.2021 15:41;28.47
01.20.2021 15:42;28.37
01.20.2021 15:43;28.34
01.20.2021 15:44;28.25
01.20.2021 15:45;28.21
01.20.2021 15:46;28.14
01.20.2021 15:47;28.15
01.20.2021 15:48;28.30
01.20.2021 15:49;28.31
01.20.2021 15:50;28.38
01.20.2021 15:51;28.44
01.20.2021 15:52;28.38
01.20.2021 15:53;28.48
01.20.2021 15:54;28.38
01.20.2021 15:55;28.47
01.20.2021 15:56;28.47
01.20.2021 15:57;28.48
01.20.2021 15:58;28.46
01.20.2021 15:59;28.46
01.20.2021 16:00;28.46
01.20.2021 16:01;28.30
01.20.2021 16:02;28.38
01.20.2021 16:03;28.37
01.20.2021 16:04;28.33
01.20.2021 16:05;28.26
01.20.2021 16:06;28.25
01.20.2021 16:07;28.11
01.20.2021 16:08;28.05
01.20.2021 16:09;28.11
01.20.2021 16:10;28.05
01.20.2021 16:11;27.99
01.20.2021 16:12;28.15
01.20.2021 16:13;28.18
01.20.2021 16:14;28.18
01.20.2021 16:15;28.25
01.20.2021 16:16;28.30
01.20.2021 16:17;28.30
01.20.2021 16:18;28.30
01.20.2021 16:19;28.25
01.20.2021 16:20;28.32
01.20.2021 16:21;28.30
01.20.2021 16:22;28.30
01.20.2021 16:23;28.25
01.20.2021 16:24;28.25
01.20.2021 16:25;28.24
01.20.2021 16:26;28.28
01.20.2021 16:27;28.28
01.20.2021 16:28;28.29
01.20.2021 16:29;28.29
01.20.2021 16:30;28.29
01.20.2021 16:31;28.28
01.20.2021 16:32;28.20
01.20.2021 16:33;28.15
01.20.2021 16:34;28.18
01.20.2021 16:35;28.12
01.20.2021 16:36;28.25
01.20.2021 16:37;28.19
01.20.2021 16:38;28.27
01.20.2021 16:39;28.20
01.20.2021 16:40;28.22
01.20.2021 16:41;28.27
01.20.2021 16:42;28.28
01.20.2021 16:43;28.23
01.20.2021 16:44;28.16
01.20.2021 16:45;28.09
01.20.2021 16:46;28.18
01.20.2021 16:47;28.06
01.20.2021 16:48;28.17
01.20.2021 16:49;28.16
01.20.2021 16:50;28.16
01.20.2021 16:51;28.15
01.20.2021 16:52;28.11
01.20.2021 16:53;28.08
01.20.2021 16:54;28.11
01.20.2021 16:55;28.07
01.20.2021 16:56;28.11
01.20.2021 16:57;28.00
01.20.2021 16:58;27.94
01.20.2021 16:59;28.02
01.20.2021 17:00;27.99
01.20.2021 17:01;27.97
01.20.2021 17:02;27.95
01.20.2021 17:03;27.95
01.20.2021 17:04;27.95
01.20.2021 17:05;27.91
01.20.2021 17:06;27.90
01.20.2021 17:07;27.85
01.20.2021 17:08;27.82
01.20.2021 17:09;27.89
01.20.2021 17:10;27.88
01.20.2021 17:11;27.89
01.20.2021 17:12;27.97
01.20.2021 17:13;27.97
01.20.2021 17:14;27.90
01.20.2021 17:15;27.99
01.20.2021 17:16;27.94
01.20.2021 17:17;27.95
01.20.2021 17:18;27.95
01.20.2021 17:19;27.97
01.20.2021 17:20;27.96
01.20.2021 17:21;27.98
01.20.2021 17:22;27.99
01.20.2021 17:23;28.00
01.20.2021 17:24;28.04
01.20.2021 17:25;28.08
01.20.2021 17:26;28.06
01.20.2021 17:27;28.10
01.20.2021 17:28;28.09
01.20.2021 17:29;28.11
01.20.2021 17:30;28.10
01.20.2021 17:31;27.99
01.20.2021 17:32;27.64
01.20.2021 17:33;27.82
01.20.2021 17:34;27.65
01.20.2021 17:35;27.58
01.20.2021 17:36;27.60
01.20.2021 17:37;27.38
01.20.2021 17:38;27.60
01.20.2021 17:39;27.67
01.20.2021 17:40;27.62
01.20.2021 17:41;27.63
01.20.2021 17:42;27.50
01.20.2021 17:43;27.43
01.20.2021 17:44;27.46
01.20.2021 17:45;27.50
01.20.2021 17:46;27.56
01.20.2021 17:47;27.69
01.20.2021 17:48;27.75
01.20.2021 17:49;27.70
01.20.2021 17:50;27.72
01.20.2021 17:51;27.66
01.20.2021 17:52;27.87
01.20.2021 17:53;28.05
01.20.2021 17:54;28.20
01.20.2021 17:55;28.20
01.20.2021 17:56;28.15
01.20.2021 17:57;28.30
01.20.2021 17:58;28.28
01.20.2021 17:59;28.24
01.20.2021 18:00;28.36
01.20.2021 18:01;28.42
01.20.2021 18:02;28.37
01.20.2021 18:03;28.42
01.20.2021 18:04;28.47
01.20.2021 18:05;28.43
01.20.2021 18:06;28.25
01.20.2021 18:07;28.16
01.20.2021 18:08;28.06
01.20.2021 18:09;27.85
01.20.2021 18:10;27.90
01.20.2021 18:11;27.95
01.20.2021 18:12;27.91
01.20.2021 18:13;27.78
01.20.2021 18:14;27.75
01.20.2021 18:15;27.76
01.20.2021 18:16;27.85
01.20.2021 18:17;27.82
01.20.2021 18:18;27.91
01.20.2021 18:19;27.92
01.20.2021 18:20;27.76
01.20.2021 18:21;27.93
01.20.2021 18:22;27.95
01.20.2021 18:23;28.09
01.20.2021 18:24;28.00
01.20.2021 18:25;27.95
01.20.2021 18:26;27.85
01.20.2021 18:27;27.82
01.20.2021 18:28;27.75
01.20.2021 18:29;27.71
01.20.2021 18:30;27.67
01.20.2021 18:31;27.58
01.20.2021 18:32;27.69
01.20.2021 18:33;27.62
01.20.2021 18:34;27.54
01.20.2021 18:35;27.63
01.20.2021 18:36;27.48
01.20.2021 18:37;27.32
01.20.2021 18:38;27.33
01.20.2021 18:39;27.23
01.20.2021 18:40;27.33
01.20.2021 18:41;27.22
01.20.2021 18:42;27.22
01.20.2021 18:43;27.24
01.20.2021 18:44;27.40
01.20.2021 18:45;27.51
01.20.2021 18:46;27.55
01.20.2021 18:47;27.44
01.20.2021 18:48;27.44
01.20.2021 18:49;27.50
01.20.2021 18:50;27.52
01.20.2021 18:51;27.68
01.20.2021 18:52;27.71
01.20.2021 18:53;27.74
01.20.2021 18:54;27.67
01.20.2021 18:55;27.79
01.20.2021 18:56;27.94
01.20.2021 18:57;27.82
01.20.2021 18:58;27.89
01.20.2021 18:59;27.86
01.20.2021 19:00;27.81
01.20.2021 19:01;27.74
01.20.2021 19:02;27.77
01.20.2021 19:03;27.79
01.20.2021 19:04;27.77
01.20.2021 19:05;27.67
01.20.2021 19:06;27.79
01.20.2021 19:07;27.71
01.20.2021 19:08;27.76
01.20.2021 19:09;27.75
01.20.2021 19:10;27.71
01.20.2021 19:11;27.71
01.20.2021 19:12;27.75
01.20.2021 19:13;27.69
01.20.2021 19:14;27.71
01.20.2021 19:15;27.71
01.20.2021 19:16;27.76
01.20.2021 19:17;27.75
01.20.2021 19:18;27.78
01.20.2021 19:19;27.77
01.20.2021 19:20;27.71
01.20.2021 19:21;27.70
01.20.2021 19:22;27.70
01.20.2021 19:23;27.72
01.20.2021 19:24;27.70
01.20.2021 19:25;27.73
01.20.2021 19:26;27.72
01.20.2021 19:27;27.70
01.20.2021 19:28;27.73
01.20.2021 19:29;27.78
01.20.2021 19:30;27.91
01.20.2021 19:31;28.00
01.20.2021 19:32;28.03
01.20.2021 19:33;28.14
01.20.2021 19:34;27.94
01.20.2021 19:35;28.00
01.20.2021 19:36;27.95
01.20.2021 19:37;27.88
01.20.2021 19:38;27.85
01.20.2021 19:39;27.81
01.20.2021 19:40;27.83
01.20.2021 19:41;27.80
01.20.2021 19:42;27.79
01.20.2021 19:43;27.81
01.20.2021 19:44;27.86
01.20.2021 19:45;27.87
01.20.2021 19:46;27.89
01.20.2021 19:47;27.92
01.20.2021 19:48;28.01
01.20.2021 19:49;28.04
01.20.2021 19:50;28.06
01.20.2021 19:51;28.15
01.20.2021 19:52;28.30
01.20.2021 19:53;28.34
01.20.2021 19:54;28.17
01.20.2021 19:55;28.15
01.20.2021 19:56;28.13
01.20.2021 19:57;28.13
01.20.2021 19:58;28.07
01.20.2021 19:59;28.01
01.20.2021 20:00;28.11
01.20.2021 20:01;28.21
01.20.2021 20:02;28.16
01.20.2021 20:03;28.11
01.20.2021 20:04;28.06
01.20.2021 20:05;28.00
01.20.2021 20:06;27.97
01.20.2021 20:07;27.92
01.20.2021 20:08;27.87
01.20.2021 20:09;27.91
01.20.2021 20:10;27.96
01.20.2021 20:11;28.04
01.20.2021 20:12;27.94
01.20.2021 20:13;27.94
01.20.2021 20:14;27.95
01.20.2021 20:15;27.94
01.20.2021 20:16;27.92
01.20.2021 20:17;27.89
01.20.2021 20:18;27.93
01.20.2021 20:19;27.98
01.20.2021 20:20;27.96
01.20.2021 20:21;27.94
01.20.2021 20:22;27.94
01.20.2021 20:23;27.95
01.20.2021 20:24;27.95
01.20.2021 20:25;27.96
01.20.2021 20:26;27.94
01.20.2021 20:27;28.00
01.20.2021 20:28;28.05
01.20.2021 20:29;28.16
01.20.2021 20:30;28.21
01.20.2021 20:31;28.23
01.20.2021 20:32;28.23
01.20.2021 20:33;28.34
01.20.2021 20:34;28.38
01.20.2021 20:35;28.34
01.20.2021 20:36;28.34
01.20.2021 20:37;28.36
01.20.2021 20:38;28.39
01.20.2021 20:39;28.47
01.20.2021 20:40;28.54
01.20.2021 20:41;28.52
01.20.2021 20:42;28.40
01.20.2021 20:43;28.38
01.20.2021 20:44;28.33
01.20.2021 20:45;28.29
01.20.2021 20:46;28.33
01.20.2021 20:47;28.30
01.20.2021 20:48;28.45
01.20.2021 20:49;28.50
01.20.2021 20:50;28.53
01.20.2021 20:51;28.50
01.20.2021 20:52;28.43
01.20.2021 20:53;28.42
01.20.2021 20:54;28.44
01.20.2021 20:55;28.49
01.20.2021 20:56;28.48
01.20.2021 20:57;28.47
01.20.2021 20:58;28.47
01.20.2021 20:59;28.36
01.20.2021 21:00;28.43
01.20.2021 21:01;28.41
01.20.2021 21:02;28.40
01.20.2021 21:03;28.38
01.20.2021 21:04;28.39
01.20.2021 21:05;28.38
01.20.2021 21:06;28.43
01.20.2021 21:07;28.39
01.20.2021 21:08;28.36
01.20.2021 21:09;28.33
01.20.2021 21:10;28.34
01.20.2021 21:11;28.29
01.20.2021 21:12;28.32
01.20.2021 21:13;28.30
01.20.2021 21:14;28.34
01.20.2021 21:15;28.46
01.20.2021 21:16;28.34
01.20.2021 21:17;28.33
01.20.2021 21:18;28.32
01.20.2021 21:19;28.28
01.20.2021 21:20;28.27
01.20.2021 21:21;28.29
01.20.2021 21:22;28.29
01.20.2021 21:23;28.31
01.20.2021 21:24;28.30
01.20.2021 21:25;28.30
01.20.2021 21:26;28.35
01.20.2021 21:27;28.39
01.20.2021 21:28;28.42
01.20.2021 21:29;28.47
01.20.2021 21:30;28.47
01.20.2021 21:31;28.48
01.20.2021 21:32;28.53
01.20.2021 21:33;28.49
01.20.2021 21:34;28.47
01.20.2021 21:35;28.48
01.20.2021 21:36;28.49
01.20.2021 21:37;28.45
01.20.2021 21:38;28.50
01.20.2021 21:39;28.50
01.20.2021 21:40;28.49
01.20.2021 21:41;28.52
01.20.2021 21:42;28.46
01.20.2021 21:43;28.46
01.20.2021 21:44;28.48
01.20.2021 21:45;28.50
01.20.2021 21:46;28.61
01.20.2021 21:47;28.60
01.20.2021 21:48;28.65
01.20.2021 21:49;28.70
01.20.2021 21:50;28.72
01.20.2021 21:51;28.75
01.20.2021 21:52;28.74
01.20.2021 21:53;28.71
01.20.2021 21:54;28.63
01.20.2021 21:55;28.59
01.20.2021 21:56;28.60
01.20.2021 21:57;28.64
01.20.2021 21:58;28.68
01.20.2021 21:59;28.72
01.20.2021 22:00;28.77
01.20.2021 22:01;28.83
01.20.2021 22:02;28.85
01.20.2021 22:03;28.93
01.20.2021 22:04;29.03
01.20.2021 22:05;29.30
01.20.2021 22:06;29.55
01.20.2021 22:07;29.24
01.20.2021 22:08;29.29
01.20.2021 22:09;29.11
01.20.2021 22:10;29.10
01.20.2021 22:11;28.91
01.20.2021 22:12;29.08
01.20.2021 22:13;29.01
01.20.2021 22:14;28.97
01.20.2021 22:15;29.05
01.20.2021 22:16;29.06
01.20.2021 22:17;29.12
01.20.2021 22:18;29.05
01.20.2021 22:19;29.06
01.20.2021 22:20;29.07
01.20.2021 22:21;29.00
01.20.2021 22:22;29.03
01.20.2021 22:23;29.07
01.20.2021 22:24;29.34
01.20.2021 22:25;29.38
01.20.2021 22:26;29.36
01.20.2021 22:27;29.35
01.20.2021 22:28;29.33
01.20.2021 22:29;29.17
01.20.2021 22:30;29.20
01.20.2021 22:31;29.14
01.20.2021 22:32;29.05
01.20.2021 22:33;28.96
01.20.2021 22:34;28.85
01.20.2021 22:35;28.77
01.20.2021 22:36;28.79
01.20.2021 22:37;28.93
01.20.2021 22:38;28.96
01.20.2021 22:39;28.98
01.20.2021 22:40;28.97
01.20.2021 22:41;28.93
01.20.2021 22:42;28.92
01.20.2021 22:43;28.92
01.20.2021 22:44;28.97
01.20.2021 22:45;28.95
01.20.2021 22:46;28.91
01.20.2021 22:47;28.84
01.20.2021 22:48;28.80
01.20.2021 22:49;28.80
01.20.2021 22:50;28.75
01.20.2021 22:51;28.64
01.20.2021 22:52;28.58
01.20.2021 22:53;28.53
01.20.2021 22:54;28.58
01.20.2021 22:55;28.65
01.20.2021 22:56;28.61
01.20.2021 22:57;28.62
01.20.2021 22:58;28.71
01.20.2021 22:59;28.82
01.20.2021 23:00;28.81
01.20.2021 23:01;28.82
01.20.2021 23:02;28.82
01.20.2021 23:03;28.82
01.20.2021 23:04;28.69
01.20.2021 23:05;28.70
01.20.2021 23:06;28.63
01.20.2021 23:07;28.52
01.20.2021 23:08;28.57
01.20.2021 23:09;28.48
01.20.2021 23:10;28.40
01.20.2021 23:11;28.35
01.20.2021 23:12;28.37
01.20.2021 23:13;28.45
01.20.2021 23:14;28.47
01.20.2021 23:15;28.43
01.20.2021 23:16;28.49
01.20.2021 23:17;28.46
01.20.2021 23:18;28.38
01.20.2021 23:19;28.47
01.20.2021 23:20;28.40
01.20.2021 23:21;28.35
01.20.2021 23:22;28.31
01.20.2021 23:23;28.32
01.20.2021 23:24;28.32
01.20.2021 23:25;28.29
01.20.2021 23:26;28.20
01.20.2021 23:27;28.20
01.20.2021 23:28;28.20
01.20.2021 23:29;28.33
01.20.2021 23:30;28.33
01.20.2021 23:31;28.32
01.20.2021 23:32;28.32
01.20.2021 23:33;28.20
01.20.2021 23:34;28.21
01.20.2021 23:35;28.17
01.20.2021 23:36;28.25
01.20.2021 23:37;28.28
01.20.2021 23:38;28.23
01.20.2021 23:39;28.25
01.20.2021 23:40;28.17
01.20.2021 23:41;28.20
01.20.2021 23:42;28.12
01.20.2021 23:43;28.13
01.20.2021 23:44;28.15
01.20.2021 23:45;28.19
01.20.2021 23:46;28.26
01.20.2021 23:47;28.26
01.20.2021 23:48;28.36
01.20.2021 23:49;28.24
01.20.2021 23:50;28.14
01.20.2021 23:51;28.26
01.20.2021 23:52;28.17
01.20.2021 23:53;28.18
01.20.2021 23:54;28.20
01.20.2021 23:55;28.16
01.20.2021 23:56;28.23