01.20.2021 00:01;2650.0
01.20.2021 00:03;2665.0
01.20.2021 00:04;2665.0
01.20.2021 00:05;2666.0
01.20.2021 00:06;2661.0
01.20.2021 00:07;2665.0
01.20.2021 00:08;2660.0
01.20.2021 00:09;2653.0
01.20.2021 00:10;2658.0
01.20.2021 00:11;2658.0
01.20.2021 00:12;2658.0
01.20.2021 00:13;2658.0
01.20.2021 00:14;2655.0
01.20.2021 00:15;2655.0
01.20.2021 00:16;2653.0
01.20.2021 00:17;2653.0
01.20.2021 00:18;2650.0
01.20.2021 00:19;2665.0
01.20.2021 00:20;2658.0
01.20.2021 00:21;2666.0
01.20.2021 00:22;2668.0
01.20.2021 00:23;2658.0
01.20.2021 00:24;2666.0
01.20.2021 00:25;2660.0
01.20.2021 00:26;2662.0
01.20.2021 00:27;2661.0
01.20.2021 00:28;2661.0
01.20.2021 00:29;2662.0
01.20.2021 00:30;2662.0
01.20.2021 00:31;2655.0
01.20.2021 00:32;2661.0
01.20.2021 00:33;2651.0
01.20.2021 00:34;2648.0
01.20.2021 00:35;2645.0
01.20.2021 00:36;2645.0
01.20.2021 00:37;2639.0
01.20.2021 00:38;2650.0
01.20.2021 00:39;2660.0
01.20.2021 00:40;2660.0
01.20.2021 00:41;2650.0
01.20.2021 00:42;2670.0
01.20.2021 00:43;2790.0
01.20.2021 00:44;3000.0
01.20.2021 00:45;3100.0
01.20.2021 00:46;3250.0
01.20.2021 00:47;3229.9999999999995
01.20.2021 00:48;3210.0
01.20.2021 00:49;2777.0
01.20.2021 00:50;2814.0
01.20.2021 00:51;2829.0
01.20.2021 00:52;2840.0
01.20.2021 00:53;2818.0
01.20.2021 00:54;2800.0
01.20.2021 00:55;2790.0
01.20.2021 00:56;2793.0
01.20.2021 00:57;2793.0
01.20.2021 00:58;2779.0
01.20.2021 00:59;2767.0
01.20.2021 01:00;2770.0
01.20.2021 01:01;2793.0
01.20.2021 01:02;2804.0
01.20.2021 01:03;2819.0
01.20.2021 01:04;2831.0
01.20.2021 01:05;2791.0
01.20.2021 01:06;2800.0
01.20.2021 01:07;2808.0
01.20.2021 01:08;2815.0
01.20.2021 01:09;2810.0
01.20.2021 01:10;2810.0
01.20.2021 01:11;2820.0
01.20.2021 01:12;2838.0
01.20.2021 01:13;2854.0
01.20.2021 01:14;2848.0
01.20.2021 01:15;2843.0
01.20.2021 01:16;2849.0
01.20.2021 01:17;2838.0
01.20.2021 01:18;2834.0
01.20.2021 01:19;2840.0
01.20.2021 01:20;2840.0
01.20.2021 01:21;2810.0
01.20.2021 01:22;2807.0
01.20.2021 01:23;2810.0
01.20.2021 01:24;2815.0
01.20.2021 01:25;2818.0
01.20.2021 01:26;2805.0
01.20.2021 01:27;2800.0
01.20.2021 01:28;2784.0
01.20.2021 01:29;2800.0
01.20.2021 01:30;2800.0
01.20.2021 01:31;2788.0
01.20.2021 01:32;2787.0
01.20.2021 01:33;2798.0
01.20.2021 01:34;2790.0
01.20.2021 01:35;2795.0
01.20.2021 01:36;2792.0
01.20.2021 01:37;2787.0
01.20.2021 01:38;2785.0
01.20.2021 01:39;2781.0
01.20.2021 01:40;2781.0
01.20.2021 01:41;2785.0
01.20.2021 01:42;2778.0
01.20.2021 01:43;2774.0
01.20.2021 01:44;2775.0
01.20.2021 01:45;2774.0
01.20.2021 10:01;2774.0
01.20.2021 10:02;2770.0
01.20.2021 10:03;2810.0
01.20.2021 10:04;2800.0
01.20.2021 10:05;2800.0
01.20.2021 10:06;2800.0
01.20.2021 10:07;2783.0
01.20.2021 10:08;2785.0
01.20.2021 10:09;2798.0
01.20.2021 10:10;2828.0
01.20.2021 10:11;2830.0
01.20.2021 10:12;2830.0
01.20.2021 10:13;2820.0
01.20.2021 10:14;2818.0
01.20.2021 10:15;2802.0
01.20.2021 10:16;2816.0
01.20.2021 10:17;2815.0
01.20.2021 10:18;2813.0
01.20.2021 10:19;2802.0
01.20.2021 10:20;2800.0
01.20.2021 10:21;2810.0
01.20.2021 10:22;2801.0
01.20.2021 10:23;2782.0
01.20.2021 10:24;2798.0
01.20.2021 10:25;2785.0
01.20.2021 10:26;2775.0
01.20.2021 10:27;2800.0
01.20.2021 10:28;2782.0
01.20.2021 10:29;2782.0
01.20.2021 10:30;2760.0
01.20.2021 10:31;2760.0
01.20.2021 10:32;2777.0
01.20.2021 10:33;2779.0
01.20.2021 10:34;2792.0
01.20.2021 10:35;2797.0
01.20.2021 10:36;2800.0
01.20.2021 10:37;2797.0
01.20.2021 10:38;2800.0
01.20.2021 10:39;2801.0
01.20.2021 10:40;2800.0
01.20.2021 10:41;2800.0
01.20.2021 10:42;2809.0
01.20.2021 10:43;2809.0
01.20.2021 10:44;2807.0
01.20.2021 10:45;2808.0
01.20.2021 10:46;2808.0
01.20.2021 10:47;2808.0
01.20.2021 10:48;2808.0
01.20.2021 10:49;2809.0
01.20.2021 10:50;2808.0
01.20.2021 10:51;2808.0
01.20.2021 10:52;2807.0
01.20.2021 10:53;2806.0
01.20.2021 10:54;2807.0
01.20.2021 10:55;2810.0
01.20.2021 10:56;2809.0
01.20.2021 10:57;2801.0
01.20.2021 10:58;2794.0
01.20.2021 10:59;2793.0
01.20.2021 11:00;2779.0
01.20.2021 11:01;2779.0
01.20.2021 11:02;2770.0
01.20.2021 11:03;2770.0
01.20.2021 11:04;2770.0
01.20.2021 11:05;2789.0
01.20.2021 11:06;2769.0
01.20.2021 11:07;2770.0
01.20.2021 11:08;2750.0
01.20.2021 11:09;2731.0
01.20.2021 11:10;2749.0
01.20.2021 11:11;2735.0
01.20.2021 11:12;2750.0
01.20.2021 11:13;2780.0
01.20.2021 11:14;2761.0
01.20.2021 11:15;2752.0
01.20.2021 11:16;2771.0
01.20.2021 11:17;2765.0
01.20.2021 11:18;2764.0
01.20.2021 11:19;2765.0
01.20.2021 11:20;2756.0
01.20.2021 11:21;2756.0
01.20.2021 11:22;2756.0
01.20.2021 11:23;2760.0
01.20.2021 11:24;2759.0
01.20.2021 11:25;2759.0
01.20.2021 11:26;2759.0
01.20.2021 11:27;2760.0
01.20.2021 11:28;2765.0
01.20.2021 11:29;2770.0
01.20.2021 11:30;2777.0
01.20.2021 11:31;2779.0
01.20.2021 11:32;2778.0
01.20.2021 11:33;2776.0
01.20.2021 11:34;2778.0
01.20.2021 11:35;2778.0
01.20.2021 11:36;2779.0
01.20.2021 11:37;2779.0
01.20.2021 11:38;2779.0
01.20.2021 11:39;2775.0
01.20.2021 11:40;2772.0
01.20.2021 11:41;2775.0
01.20.2021 11:42;2770.0
01.20.2021 11:43;2769.0
01.20.2021 11:44;2770.0
01.20.2021 11:45;2762.0
01.20.2021 11:46;2769.0
01.20.2021 11:47;2769.0
01.20.2021 11:48;2772.0
01.20.2021 11:49;2769.0
01.20.2021 11:50;2769.0
01.20.2021 11:51;2767.0
01.20.2021 11:52;2767.0
01.20.2021 11:53;2767.0
01.20.2021 11:54;2759.0
01.20.2021 11:55;2765.0
01.20.2021 11:56;2766.0
01.20.2021 11:57;2766.0
01.20.2021 11:58;2765.0
01.20.2021 11:59;2759.0
01.20.2021 12:00;2760.0
01.20.2021 12:01;2764.0
01.20.2021 12:02;2862.0
01.20.2021 12:03;2819.0
01.20.2021 12:04;2800.0
01.20.2021 12:05;2810.0
01.20.2021 12:06;2810.0
01.20.2021 12:07;2805.0
01.20.2021 12:08;2810.0
01.20.2021 12:09;2822.0
01.20.2021 12:10;2820.0
01.20.2021 12:11;2820.0
01.20.2021 12:12;2819.0
01.20.2021 12:13;2810.0
01.20.2021 12:14;2812.0
01.20.2021 12:15;2820.0
01.20.2021 12:16;2819.0
01.20.2021 12:17;2822.0
01.20.2021 12:18;2825.0
01.20.2021 12:19;2813.0
01.20.2021 12:20;2828.0
01.20.2021 12:21;2830.0
01.20.2021 12:22;2829.0
01.20.2021 12:23;2828.0
01.20.2021 12:24;2820.0
01.20.2021 12:25;2811.0
01.20.2021 12:26;2827.0
01.20.2021 12:27;2833.0
01.20.2021 12:28;2827.0
01.20.2021 12:29;2835.0
01.20.2021 12:30;2837.0
01.20.2021 12:31;2840.0
01.20.2021 12:32;2837.0
01.20.2021 12:33;2811.0
01.20.2021 12:34;2810.0
01.20.2021 12:35;2825.0
01.20.2021 12:36;2823.0
01.20.2021 12:37;2825.0
01.20.2021 12:38;2812.0
01.20.2021 12:39;2815.0
01.20.2021 12:40;2829.0
01.20.2021 12:41;2829.0
01.20.2021 12:42;2829.0
01.20.2021 12:43;2828.0
01.20.2021 12:44;2822.0
01.20.2021 12:45;2821.0
01.20.2021 12:46;2816.0
01.20.2021 12:47;2816.0
01.20.2021 12:48;2820.0
01.20.2021 12:49;2820.0
01.20.2021 12:50;2819.0
01.20.2021 12:51;2815.0
01.20.2021 12:52;2818.0
01.20.2021 12:53;2818.0
01.20.2021 12:54;2818.0
01.20.2021 12:55;2811.0
01.20.2021 12:56;2815.0
01.20.2021 12:57;2815.0
01.20.2021 12:58;2815.0
01.20.2021 12:59;2813.0
01.20.2021 13:00;2810.0
01.20.2021 13:01;2811.0
01.20.2021 13:02;2811.0
01.20.2021 13:03;2812.0
01.20.2021 13:04;2812.0
01.20.2021 13:05;2812.0
01.20.2021 13:06;2812.0
01.20.2021 13:07;2808.0
01.20.2021 13:08;2808.0
01.20.2021 13:09;2808.0
01.20.2021 13:10;2808.0
01.20.2021 13:11;2807.0
01.20.2021 13:12;2808.0
01.20.2021 13:13;2805.0
01.20.2021 13:14;2802.0
01.20.2021 13:15;2804.0
01.20.2021 13:16;2808.0
01.20.2021 13:17;2810.0
01.20.2021 13:18;2809.0
01.20.2021 13:19;2802.0
01.20.2021 13:20;2800.0
01.20.2021 13:21;2802.0
01.20.2021 13:22;2800.0
01.20.2021 13:23;2801.0
01.20.2021 13:24;2804.0
01.20.2021 13:25;2810.0
01.20.2021 13:26;2809.0
01.20.2021 13:27;2810.0
01.20.2021 13:28;2804.0
01.20.2021 13:29;2810.0
01.20.2021 13:30;2809.0
01.20.2021 13:31;2809.0
01.20.2021 13:32;2810.0
01.20.2021 13:33;2810.0
01.20.2021 13:34;2807.0
01.20.2021 13:35;2806.0
01.20.2021 13:36;2806.0
01.20.2021 13:37;2809.0
01.20.2021 13:38;2811.0
01.20.2021 13:39;2811.0
01.20.2021 13:40;2811.0
01.20.2021 13:41;2805.0
01.20.2021 13:42;2802.0
01.20.2021 13:43;2807.0
01.20.2021 13:44;2808.0
01.20.2021 13:45;2808.0
01.20.2021 13:46;2811.0
01.20.2021 13:47;2810.0
01.20.2021 13:48;2822.0
01.20.2021 13:49;2822.0
01.20.2021 13:50;2828.0
01.20.2021 13:51;2825.0
01.20.2021 13:52;2830.0
01.20.2021 13:53;2830.0
01.20.2021 13:54;2830.0
01.20.2021 13:55;2830.0
01.20.2021 13:56;2828.0
01.20.2021 13:57;2830.0
01.20.2021 13:58;2830.0
01.20.2021 13:59;2834.0
01.20.2021 14:00;2834.0
01.20.2021 14:01;2833.0
01.20.2021 14:02;2833.0
01.20.2021 14:03;2839.0
01.20.2021 14:04;2838.0
01.20.2021 14:05;2831.0
01.20.2021 14:06;2838.0
01.20.2021 14:07;2828.0
01.20.2021 14:08;2832.0
01.20.2021 14:09;2837.0
01.20.2021 14:10;2834.0
01.20.2021 14:11;2831.0
01.20.2021 14:12;2830.0
01.20.2021 14:13;2830.0
01.20.2021 14:14;2830.0
01.20.2021 14:15;2830.0
01.20.2021 14:16;2830.0
01.20.2021 14:17;2838.0
01.20.2021 14:18;2838.0
01.20.2021 14:19;2845.0
01.20.2021 14:20;2840.0
01.20.2021 14:21;2849.0
01.20.2021 14:22;2845.0
01.20.2021 14:23;2847.0
01.20.2021 14:24;2846.0
01.20.2021 14:25;2849.0
01.20.2021 14:26;2847.0
01.20.2021 14:27;2847.0
01.20.2021 14:28;2843.0
01.20.2021 14:29;2847.0
01.20.2021 14:30;2844.0
01.20.2021 14:31;2837.0
01.20.2021 14:32;2850.0
01.20.2021 14:33;2840.0
01.20.2021 14:34;2840.0
01.20.2021 14:35;2845.0
01.20.2021 14:36;2845.0
01.20.2021 14:37;2845.0
01.20.2021 14:38;2846.0
01.20.2021 14:39;2849.0
01.20.2021 14:40;2846.0
01.20.2021 14:41;2846.0
01.20.2021 14:42;2848.0
01.20.2021 14:43;2846.0
01.20.2021 14:44;2849.0
01.20.2021 14:45;2846.0
01.20.2021 14:46;2850.0
01.20.2021 14:47;2849.0
01.20.2021 14:48;2846.0
01.20.2021 14:49;2846.0
01.20.2021 14:50;2848.0
01.20.2021 14:51;2845.0
01.20.2021 14:52;2845.0
01.20.2021 14:53;2839.0
01.20.2021 14:54;2833.0
01.20.2021 14:55;2830.0
01.20.2021 14:56;2840.0
01.20.2021 14:57;2829.0
01.20.2021 14:58;2839.0
01.20.2021 14:59;2833.0
01.20.2021 15:00;2833.0
01.20.2021 15:01;2829.0
01.20.2021 15:02;2844.0
01.20.2021 15:03;2843.0
01.20.2021 15:04;2841.0
01.20.2021 15:05;2843.0
01.20.2021 15:06;2843.0
01.20.2021 15:07;2843.0
01.20.2021 15:08;2844.0
01.20.2021 15:09;2844.0
01.20.2021 15:10;2844.0
01.20.2021 15:11;2833.0
01.20.2021 15:12;2831.0
01.20.2021 15:13;2831.0
01.20.2021 15:14;2831.0
01.20.2021 15:15;2831.0
01.20.2021 15:16;2830.0
01.20.2021 15:17;2830.0
01.20.2021 15:18;2835.0
01.20.2021 15:19;2835.0
01.20.2021 15:20;2839.0
01.20.2021 15:21;2835.0
01.20.2021 15:22;2848.0
01.20.2021 15:23;2844.0
01.20.2021 15:24;2840.0
01.20.2021 15:25;2853.0
01.20.2021 15:26;2855.0
01.20.2021 15:27;2857.0
01.20.2021 15:28;2852.0
01.20.2021 15:29;2858.0
01.20.2021 15:30;2860.0
01.20.2021 15:31;2857.0
01.20.2021 15:32;2855.0
01.20.2021 15:33;2859.0
01.20.2021 15:34;2859.0
01.20.2021 15:35;2853.0
01.20.2021 15:36;2859.0
01.20.2021 15:37;2849.0
01.20.2021 15:38;2854.0
01.20.2021 15:39;2849.0
01.20.2021 15:40;2848.0
01.20.2021 15:41;2847.0
01.20.2021 15:42;2837.0
01.20.2021 15:43;2834.0
01.20.2021 15:44;2825.0
01.20.2021 15:45;2821.0
01.20.2021 15:46;2814.0
01.20.2021 15:47;2815.0
01.20.2021 15:48;2830.0
01.20.2021 15:49;2831.0
01.20.2021 15:50;2838.0
01.20.2021 15:51;2844.0
01.20.2021 15:52;2838.0
01.20.2021 15:53;2848.0
01.20.2021 15:54;2838.0
01.20.2021 15:55;2847.0
01.20.2021 15:56;2847.0
01.20.2021 15:57;2848.0
01.20.2021 15:58;2846.0
01.20.2021 15:59;2846.0
01.20.2021 16:00;2846.0
01.20.2021 16:01;2830.0
01.20.2021 16:02;2838.0
01.20.2021 16:03;2837.0
01.20.2021 16:04;2833.0
01.20.2021 16:05;2826.0
01.20.2021 16:06;2825.0
01.20.2021 16:07;2811.0
01.20.2021 16:08;2805.0
01.20.2021 16:09;2811.0
01.20.2021 16:10;2805.0
01.20.2021 16:11;2799.0
01.20.2021 16:12;2815.0
01.20.2021 16:13;2818.0
01.20.2021 16:14;2818.0
01.20.2021 16:15;2825.0
01.20.2021 16:16;2830.0
01.20.2021 16:17;2830.0
01.20.2021 16:18;2830.0
01.20.2021 16:19;2825.0
01.20.2021 16:20;2832.0
01.20.2021 16:21;2830.0
01.20.2021 16:22;2830.0
01.20.2021 16:23;2825.0
01.20.2021 16:24;2825.0
01.20.2021 16:25;2824.0
01.20.2021 16:26;2828.0
01.20.2021 16:27;2828.0
01.20.2021 16:28;2829.0
01.20.2021 16:29;2829.0
01.20.2021 16:30;2829.0
01.20.2021 16:31;2828.0
01.20.2021 16:32;2820.0
01.20.2021 16:33;2815.0
01.20.2021 16:34;2818.0
01.20.2021 16:35;2812.0
01.20.2021 16:36;2825.0
01.20.2021 16:37;2819.0
01.20.2021 16:38;2827.0
01.20.2021 16:39;2820.0
01.20.2021 16:40;2822.0
01.20.2021 16:41;2827.0
01.20.2021 16:42;2828.0
01.20.2021 16:43;2823.0
01.20.2021 16:44;2816.0
01.20.2021 16:45;2809.0
01.20.2021 16:46;2818.0
01.20.2021 16:47;2806.0
01.20.2021 16:48;2817.0
01.20.2021 16:49;2816.0
01.20.2021 16:50;2816.0
01.20.2021 16:51;2815.0
01.20.2021 16:52;2811.0
01.20.2021 16:53;2808.0
01.20.2021 16:54;2811.0
01.20.2021 16:55;2807.0
01.20.2021 16:56;2811.0
01.20.2021 16:57;2800.0
01.20.2021 16:58;2794.0
01.20.2021 16:59;2802.0
01.20.2021 17:00;2799.0
01.20.2021 17:01;2797.0
01.20.2021 17:02;2795.0
01.20.2021 17:03;2795.0
01.20.2021 17:04;2795.0
01.20.2021 17:05;2791.0
01.20.2021 17:06;2790.0
01.20.2021 17:07;2785.0
01.20.2021 17:08;2782.0
01.20.2021 17:09;2789.0
01.20.2021 17:10;2788.0
01.20.2021 17:11;2789.0
01.20.2021 17:12;2797.0
01.20.2021 17:13;2797.0
01.20.2021 17:14;2790.0
01.20.2021 17:15;2799.0
01.20.2021 17:16;2794.0
01.20.2021 17:17;2795.0
01.20.2021 17:18;2795.0
01.20.2021 17:19;2797.0
01.20.2021 17:20;2796.0
01.20.2021 17:21;2798.0
01.20.2021 17:22;2799.0
01.20.2021 17:23;2800.0
01.20.2021 17:24;2804.0
01.20.2021 17:25;2808.0
01.20.2021 17:26;2806.0
01.20.2021 17:27;2810.0
01.20.2021 17:28;2809.0
01.20.2021 17:29;2811.0
01.20.2021 17:30;2810.0
01.20.2021 17:31;2799.0
01.20.2021 17:32;2764.0
01.20.2021 17:33;2782.0
01.20.2021 17:34;2765.0
01.20.2021 17:35;2758.0
01.20.2021 17:36;2760.0
01.20.2021 17:37;2738.0
01.20.2021 17:38;2760.0
01.20.2021 17:39;2767.0
01.20.2021 17:40;2762.0
01.20.2021 17:41;2763.0
01.20.2021 17:42;2750.0
01.20.2021 17:43;2743.0
01.20.2021 17:44;2746.0
01.20.2021 17:45;2750.0
01.20.2021 17:46;2756.0
01.20.2021 17:47;2769.0
01.20.2021 17:48;2775.0
01.20.2021 17:49;2770.0
01.20.2021 17:50;2772.0
01.20.2021 17:51;2766.0
01.20.2021 17:52;2787.0
01.20.2021 17:53;2805.0
01.20.2021 17:54;2820.0
01.20.2021 17:55;2820.0
01.20.2021 17:56;2815.0
01.20.2021 17:57;2830.0
01.20.2021 17:58;2828.0
01.20.2021 17:59;2824.0
01.20.2021 18:00;2836.0
01.20.2021 18:01;2842.0
01.20.2021 18:02;2837.0
01.20.2021 18:03;2842.0
01.20.2021 18:04;2847.0
01.20.2021 18:05;2843.0
01.20.2021 18:06;2825.0
01.20.2021 18:07;2816.0
01.20.2021 18:08;2806.0
01.20.2021 18:09;2785.0
01.20.2021 18:10;2790.0
01.20.2021 18:11;2795.0
01.20.2021 18:12;2791.0
01.20.2021 18:13;2778.0
01.20.2021 18:14;2775.0
01.20.2021 18:15;2776.0
01.20.2021 18:16;2785.0
01.20.2021 18:17;2782.0
01.20.2021 18:18;2791.0
01.20.2021 18:19;2792.0
01.20.2021 18:20;2776.0
01.20.2021 18:21;2793.0
01.20.2021 18:22;2795.0
01.20.2021 18:23;2809.0
01.20.2021 18:24;2800.0
01.20.2021 18:25;2795.0
01.20.2021 18:26;2785.0
01.20.2021 18:27;2782.0
01.20.2021 18:28;2775.0
01.20.2021 18:29;2771.0
01.20.2021 18:30;2767.0
01.20.2021 18:31;2758.0
01.20.2021 18:32;2769.0
01.20.2021 18:33;2762.0
01.20.2021 18:34;2754.0
01.20.2021 18:35;2763.0
01.20.2021 18:36;2748.0
01.20.2021 18:37;2732.0
01.20.2021 18:38;2733.0
01.20.2021 18:39;2723.0
01.20.2021 18:40;2733.0
01.20.2021 18:41;2722.0
01.20.2021 18:42;2722.0
01.20.2021 18:43;2724.0
01.20.2021 18:44;2740.0
01.20.2021 18:45;2751.0
01.20.2021 18:46;2755.0
01.20.2021 18:47;2744.0
01.20.2021 18:48;2744.0
01.20.2021 18:49;2750.0
01.20.2021 18:50;2752.0
01.20.2021 18:51;2768.0
01.20.2021 18:52;2771.0
01.20.2021 18:53;2774.0
01.20.2021 18:54;2767.0
01.20.2021 18:55;2779.0
01.20.2021 18:56;2794.0
01.20.2021 18:57;2782.0
01.20.2021 18:58;2789.0
01.20.2021 18:59;2786.0
01.20.2021 19:00;2781.0
01.20.2021 19:01;2774.0
01.20.2021 19:02;2777.0
01.20.2021 19:03;2779.0
01.20.2021 19:04;2777.0
01.20.2021 19:05;2767.0
01.20.2021 19:06;2779.0
01.20.2021 19:07;2771.0
01.20.2021 19:08;2776.0
01.20.2021 19:09;2775.0
01.20.2021 19:10;2771.0
01.20.2021 19:11;2771.0
01.20.2021 19:12;2775.0
01.20.2021 19:13;2769.0
01.20.2021 19:14;2771.0
01.20.2021 19:15;2771.0
01.20.2021 19:16;2776.0
01.20.2021 19:17;2775.0
01.20.2021 19:18;2778.0
01.20.2021 19:19;2777.0
01.20.2021 19:20;2771.0
01.20.2021 19:21;2770.0
01.20.2021 19:22;2770.0
01.20.2021 19:23;2772.0
01.20.2021 19:24;2770.0
01.20.2021 19:25;2773.0
01.20.2021 19:26;2772.0
01.20.2021 19:27;2770.0
01.20.2021 19:28;2773.0
01.20.2021 19:29;2778.0
01.20.2021 19:30;2791.0
01.20.2021 19:31;2800.0
01.20.2021 19:32;2803.0
01.20.2021 19:33;2814.0
01.20.2021 19:34;2794.0
01.20.2021 19:35;2800.0
01.20.2021 19:36;2795.0
01.20.2021 19:37;2788.0
01.20.2021 19:38;2785.0
01.20.2021 19:39;2781.0
01.20.2021 19:40;2783.0
01.20.2021 19:41;2780.0
01.20.2021 19:42;2779.0
01.20.2021 19:43;2781.0
01.20.2021 19:44;2786.0
01.20.2021 19:45;2787.0
01.20.2021 19:46;2789.0
01.20.2021 19:47;2792.0
01.20.2021 19:48;2801.0
01.20.2021 19:49;2804.0
01.20.2021 19:50;2806.0
01.20.2021 19:51;2815.0
01.20.2021 19:52;2830.0
01.20.2021 19:53;2834.0
01.20.2021 19:54;2817.0
01.20.2021 19:55;2815.0
01.20.2021 19:56;2813.0
01.20.2021 19:57;2813.0
01.20.2021 19:58;2807.0
01.20.2021 19:59;2801.0
01.20.2021 20:00;2811.0
01.20.2021 20:01;2821.0
01.20.2021 20:02;2816.0
01.20.2021 20:03;2811.0
01.20.2021 20:04;2806.0
01.20.2021 20:05;2800.0
01.20.2021 20:06;2797.0
01.20.2021 20:07;2792.0
01.20.2021 20:08;2787.0
01.20.2021 20:09;2791.0
01.20.2021 20:10;2796.0
01.20.2021 20:11;2804.0
01.20.2021 20:12;2794.0
01.20.2021 20:13;2794.0
01.20.2021 20:14;2795.0
01.20.2021 20:15;2794.0
01.20.2021 20:16;2792.0
01.20.2021 20:17;2789.0
01.20.2021 20:18;2793.0
01.20.2021 20:19;2798.0
01.20.2021 20:20;2796.0
01.20.2021 20:21;2794.0
01.20.2021 20:22;2794.0
01.20.2021 20:23;2795.0
01.20.2021 20:24;2795.0
01.20.2021 20:25;2796.0
01.20.2021 20:26;2794.0
01.20.2021 20:27;2800.0
01.20.2021 20:28;2805.0
01.20.2021 20:29;2816.0
01.20.2021 20:30;2821.0
01.20.2021 20:31;2823.0
01.20.2021 20:32;2823.0
01.20.2021 20:33;2834.0
01.20.2021 20:34;2838.0
01.20.2021 20:35;2834.0
01.20.2021 20:36;2834.0
01.20.2021 20:37;2836.0
01.20.2021 20:38;2839.0
01.20.2021 20:39;2847.0
01.20.2021 20:40;2854.0
01.20.2021 20:41;2852.0
01.20.2021 20:42;2840.0
01.20.2021 20:43;2838.0
01.20.2021 20:44;2833.0
01.20.2021 20:45;2829.0
01.20.2021 20:46;2833.0
01.20.2021 20:47;2830.0
01.20.2021 20:48;2845.0
01.20.2021 20:49;2850.0
01.20.2021 20:50;2853.0
01.20.2021 20:51;2850.0
01.20.2021 20:52;2843.0
01.20.2021 20:53;2842.0
01.20.2021 20:54;2844.0
01.20.2021 20:55;2849.0
01.20.2021 20:56;2848.0
01.20.2021 20:57;2847.0
01.20.2021 20:58;2847.0
01.20.2021 20:59;2836.0
01.20.2021 21:00;2843.0
01.20.2021 21:01;2841.0
01.20.2021 21:02;2840.0
01.20.2021 21:03;2838.0
01.20.2021 21:04;2839.0
01.20.2021 21:05;2838.0
01.20.2021 21:06;2843.0
01.20.2021 21:07;2839.0
01.20.2021 21:08;2836.0
01.20.2021 21:09;2833.0
01.20.2021 21:10;2834.0
01.20.2021 21:11;2829.0
01.20.2021 21:12;2832.0
01.20.2021 21:13;2830.0
01.20.2021 21:14;2834.0
01.20.2021 21:15;2846.0
01.20.2021 21:16;2834.0
01.20.2021 21:17;2833.0
01.20.2021 21:18;2832.0
01.20.2021 21:19;2828.0
01.20.2021 21:20;2827.0
01.20.2021 21:21;2829.0
01.20.2021 21:22;2829.0
01.20.2021 21:23;2831.0
01.20.2021 21:24;2830.0
01.20.2021 21:25;2830.0
01.20.2021 21:26;2835.0
01.20.2021 21:27;2839.0
01.20.2021 21:28;2842.0
01.20.2021 21:29;2847.0
01.20.2021 21:30;2847.0
01.20.2021 21:31;2848.0
01.20.2021 21:32;2853.0
01.20.2021 21:33;2849.0
01.20.2021 21:34;2847.0
01.20.2021 21:35;2848.0
01.20.2021 21:36;2849.0
01.20.2021 21:37;2845.0
01.20.2021 21:38;2850.0
01.20.2021 21:39;2850.0
01.20.2021 21:40;2849.0
01.20.2021 21:41;2852.0
01.20.2021 21:42;2846.0
01.20.2021 21:43;2846.0
01.20.2021 21:44;2848.0
01.20.2021 21:45;2850.0
01.20.2021 21:46;2861.0
01.20.2021 21:47;2860.0
01.20.2021 21:48;2865.0
01.20.2021 21:49;2870.0
01.20.2021 21:50;2872.0
01.20.2021 21:51;2875.0
01.20.2021 21:52;2874.0
01.20.2021 21:53;2871.0
01.20.2021 21:54;2863.0
01.20.2021 21:55;2859.0
01.20.2021 21:56;2860.0
01.20.2021 21:57;2864.0
01.20.2021 21:58;2868.0
01.20.2021 21:59;2872.0
01.20.2021 22:00;2877.0
01.20.2021 22:01;2883.0
01.20.2021 22:02;2885.0
01.20.2021 22:03;2893.0
01.20.2021 22:04;2903.0
01.20.2021 22:05;2930.0
01.20.2021 22:06;2955.0
01.20.2021 22:07;2924.0
01.20.2021 22:08;2929.0
01.20.2021 22:09;2911.0
01.20.2021 22:10;2910.0
01.20.2021 22:11;2891.0
01.20.2021 22:12;2908.0
01.20.2021 22:13;2901.0
01.20.2021 22:14;2897.0
01.20.2021 22:15;2905.0
01.20.2021 22:16;2906.0
01.20.2021 22:17;2912.0
01.20.2021 22:18;2905.0
01.20.2021 22:19;2906.0
01.20.2021 22:20;2907.0
01.20.2021 22:21;2900.0
01.20.2021 22:22;2903.0
01.20.2021 22:23;2907.0
01.20.2021 22:24;2934.0
01.20.2021 22:25;2938.0
01.20.2021 22:26;2936.0
01.20.2021 22:27;2935.0
01.20.2021 22:28;2933.0
01.20.2021 22:29;2917.0
01.20.2021 22:30;2920.0
01.20.2021 22:31;2914.0
01.20.2021 22:32;2905.0
01.20.2021 22:33;2896.0
01.20.2021 22:34;2885.0
01.20.2021 22:35;2877.0
01.20.2021 22:36;2879.0
01.20.2021 22:37;2893.0
01.20.2021 22:38;2896.0
01.20.2021 22:39;2898.0
01.20.2021 22:40;2897.0
01.20.2021 22:41;2893.0
01.20.2021 22:42;2892.0
01.20.2021 22:43;2892.0
01.20.2021 22:44;2897.0
01.20.2021 22:45;2895.0
01.20.2021 22:46;2891.0
01.20.2021 22:47;2884.0
01.20.2021 22:48;2880.0
01.20.2021 22:49;2880.0
01.20.2021 22:50;2875.0
01.20.2021 22:51;2864.0
01.20.2021 22:52;2858.0
01.20.2021 22:53;2853.0
01.20.2021 22:54;2858.0
01.20.2021 22:55;2865.0
01.20.2021 22:56;2861.0
01.20.2021 22:57;2862.0
01.20.2021 22:58;2871.0
01.20.2021 22:59;2882.0
01.20.2021 23:00;2881.0
01.20.2021 23:01;2882.0
01.20.2021 23:02;2882.0
01.20.2021 23:03;2882.0
01.20.2021 23:04;2869.0
01.20.2021 23:05;2870.0
01.20.2021 23:06;2863.0
01.20.2021 23:07;2852.0
01.20.2021 23:08;2857.0
01.20.2021 23:09;2848.0
01.20.2021 23:10;2840.0
01.20.2021 23:11;2835.0
01.20.2021 23:12;2837.0
01.20.2021 23:13;2845.0
01.20.2021 23:14;2847.0
01.20.2021 23:15;2843.0
01.20.2021 23:16;2849.0
01.20.2021 23:17;2846.0
01.20.2021 23:18;2838.0
01.20.2021 23:19;2847.0
01.20.2021 23:20;2840.0
01.20.2021 23:21;2835.0
01.20.2021 23:22;2831.0
01.20.2021 23:23;2832.0
01.20.2021 23:24;2832.0
01.20.2021 23:25;2829.0
01.20.2021 23:26;2820.0
01.20.2021 23:27;2820.0
01.20.2021 23:28;2820.0
01.20.2021 23:29;2833.0
01.20.2021 23:30;2833.0
01.20.2021 23:31;2832.0
01.20.2021 23:32;2832.0
01.20.2021 23:33;2820.0
01.20.2021 23:34;2821.0
01.20.2021 23:35;2817.0
01.20.2021 23:36;2825.0
01.20.2021 23:37;2828.0
01.20.2021 23:38;2823.0
01.20.2021 23:39;2825.0
01.20.2021 23:40;2817.0
01.20.2021 23:41;2820.0
01.20.2021 23:42;2812.0
01.20.2021 23:43;2813.0
01.20.2021 23:44;2815.0
01.20.2021 23:45;2819.0
01.20.2021 23:46;2826.0
01.20.2021 23:47;2826.0
01.20.2021 23:48;2836.0
01.20.2021 23:49;2824.0
01.20.2021 23:50;2814.0
01.20.2021 23:51;2826.0
01.20.2021 23:52;2817.0
01.20.2021 23:53;2818.0
01.20.2021 23:54;2820.0
01.20.2021 23:55;2816.0
01.20.2021 23:56;2823.0
