2021-01-20 00:01:00;26.5
2021-01-20 00:03:00;26.65
2021-01-20 00:04:00;26.65
2021-01-20 00:05:00;26.66
2021-01-20 00:06:00;26.61
2021-01-20 00:07:00;26.65
2021-01-20 00:08:00;26.6
2021-01-20 00:09:00;26.53
2021-01-20 00:10:00;26.58
2021-01-20 00:11:00;26.58
2021-01-20 00:12:00;26.58
2021-01-20 00:13:00;26.58
2021-01-20 00:14:00;26.55
2021-01-20 00:15:00;26.55
2021-01-20 00:16:00;26.53
2021-01-20 00:17:00;26.53
2021-01-20 00:18:00;26.5
2021-01-20 00:19:00;26.65
2021-01-20 00:20:00;26.58
2021-01-20 00:21:00;26.66
2021-01-20 00:22:00;26.68
2021-01-20 00:23:00;26.58
2021-01-20 00:24:00;26.66
2021-01-20 00:25:00;26.6
2021-01-20 00:26:00;26.62
2021-01-20 00:27:00;26.61
2021-01-20 00:28:00;26.61
2021-01-20 00:29:00;26.62
2021-01-20 00:30:00;26.62
2021-01-20 00:31:00;26.55
2021-01-20 00:32:00;26.61
2021-01-20 00:33:00;26.51
2021-01-20 00:34:00;26.48
2021-01-20 00:35:00;26.45
2021-01-20 00:36:00;26.45
2021-01-20 00:37:00;26.39
2021-01-20 00:38:00;26.5
2021-01-20 00:39:00;26.6
2021-01-20 00:40:00;26.6
2021-01-20 00:41:00;26.5
2021-01-20 00:42:00;26.7
2021-01-20 00:43:00;27.9
2021-01-20 00:44:00;30.0
2021-01-20 00:45:00;31.0
2021-01-20 00:46:00;32.5
2021-01-20 00:47:00;32.3
2021-01-20 00:48:00;32.1
2021-01-20 00:49:00;27.77
2021-01-20 00:50:00;28.14
2021-01-20 00:51:00;28.29
2021-01-20 00:52:00;28.4
2021-01-20 00:53:00;28.18
2021-01-20 00:54:00;28.0
2021-01-20 00:55:00;27.9
2021-01-20 00:56:00;27.93
2021-01-20 00:57:00;27.93
2021-01-20 00:58:00;27.79
2021-01-20 00:59:00;27.67
2021-01-20 01:00:00;27.7
2021-01-20 01:01:00;27.93
2021-01-20 01:02:00;28.04
2021-01-20 01:03:00;28.19
2021-01-20 01:04:00;28.31
2021-01-20 01:05:00;27.91
2021-01-20 01:06:00;28.0
2021-01-20 01:07:00;28.08
2021-01-20 01:08:00;28.15
2021-01-20 01:09:00;28.1
2021-01-20 01:10:00;28.1
2021-01-20 01:11:00;28.2
2021-01-20 01:12:00;28.38
2021-01-20 01:13:00;28.54
2021-01-20 01:14:00;28.48
2021-01-20 01:15:00;28.43
2021-01-20 01:16:00;28.49
2021-01-20 01:17:00;28.38
2021-01-20 01:18:00;28.34
2021-01-20 01:19:00;28.4
2021-01-20 01:20:00;28.4
2021-01-20 01:21:00;28.1
2021-01-20 01:22:00;28.07
2021-01-20 01:23:00;28.1
2021-01-20 01:24:00;28.15
2021-01-20 01:25:00;28.18
2021-01-20 01:26:00;28.05
2021-01-20 01:27:00;28.0
2021-01-20 01:28:00;27.84
2021-01-20 01:29:00;28.0
2021-01-20 01:30:00;28.0
2021-01-20 01:31:00;27.88
2021-01-20 01:32:00;27.87
2021-01-20 01:33:00;27.98
2021-01-20 01:34:00;27.9
2021-01-20 01:35:00;27.95
2021-01-20 01:36:00;27.92
2021-01-20 01:37:00;27.87
2021-01-20 01:38:00;27.85
2021-01-20 01:39:00;27.81
2021-01-20 01:40:00;27.81
2021-01-20 01:41:00;27.85
2021-01-20 01:42:00;27.78
2021-01-20 01:43:00;27.74
2021-01-20 01:44:00;27.75
2021-01-20 01:45:00;27.74
2021-01-20 10:01:00;27.74
2021-01-20 10:02:00;27.7
2021-01-20 10:03:00;28.1
2021-01-20 10:04:00;28.0
2021-01-20 10:05:00;28.0
2021-01-20 10:06:00;28.0
2021-01-20 10:07:00;27.83
2021-01-20 10:08:00;27.85
2021-01-20 10:09:00;27.98
2021-01-20 10:10:00;28.28
2021-01-20 10:11:00;28.3
2021-01-20 10:12:00;28.3
2021-01-20 10:13:00;28.2
2021-01-20 10:14:00;28.18
2021-01-20 10:15:00;28.02
2021-01-20 10:16:00;28.16
2021-01-20 10:17:00;28.15
2021-01-20 10:18:00;28.13
2021-01-20 10:19:00;28.02
2021-01-20 10:20:00;28.0
2021-01-20 10:21:00;28.1
2021-01-20 10:22:00;28.01
2021-01-20 10:23:00;27.82
2021-01-20 10:24:00;27.98
2021-01-20 10:25:00;27.85
2021-01-20 10:26:00;27.75
2021-01-20 10:27:00;28.0
2021-01-20 10:28:00;27.82
2021-01-20 10:29:00;27.82
2021-01-20 10:30:00;27.6
2021-01-20 10:31:00;27.6
2021-01-20 10:32:00;27.77
2021-01-20 10:33:00;27.79
2021-01-20 10:34:00;27.92
2021-01-20 10:35:00;27.97
2021-01-20 10:36:00;28.0
2021-01-20 10:37:00;27.97
2021-01-20 10:38:00;28.0
2021-01-20 10:39:00;28.01
2021-01-20 10:40:00;28.0
2021-01-20 10:41:00;28.0
2021-01-20 10:42:00;28.09
2021-01-20 10:43:00;28.09
2021-01-20 10:44:00;28.07
2021-01-20 10:45:00;28.08
2021-01-20 10:46:00;28.08
2021-01-20 10:47:00;28.08
2021-01-20 10:48:00;28.08
2021-01-20 10:49:00;28.09
2021-01-20 10:50:00;28.08
2021-01-20 10:51:00;28.08
2021-01-20 10:52:00;28.07
2021-01-20 10:53:00;28.06
2021-01-20 10:54:00;28.07
2021-01-20 10:55:00;28.1
2021-01-20 10:56:00;28.09
2021-01-20 10:57:00;28.01
2021-01-20 10:58:00;27.94
2021-01-20 10:59:00;27.93
2021-01-20 11:00:00;27.79
2021-01-20 11:01:00;27.79
2021-01-20 11:02:00;27.7
2021-01-20 11:03:00;27.7
2021-01-20 11:04:00;27.7
2021-01-20 11:05:00;27.89
2021-01-20 11:06:00;27.69
2021-01-20 11:07:00;27.7
2021-01-20 11:08:00;27.5
2021-01-20 11:09:00;27.31
2021-01-20 11:10:00;27.49
2021-01-20 11:11:00;27.35
2021-01-20 11:12:00;27.5
2021-01-20 11:13:00;27.8
2021-01-20 11:14:00;27.61
2021-01-20 11:15:00;27.52
2021-01-20 11:16:00;27.71
2021-01-20 11:17:00;27.65
2021-01-20 11:18:00;27.64
2021-01-20 11:19:00;27.65
2021-01-20 11:20:00;27.56
2021-01-20 11:21:00;27.56
2021-01-20 11:22:00;27.56
2021-01-20 11:23:00;27.6
2021-01-20 11:24:00;27.59
2021-01-20 11:25:00;27.59
2021-01-20 11:26:00;27.59
2021-01-20 11:27:00;27.6
2021-01-20 11:28:00;27.65
2021-01-20 11:29:00;27.7
2021-01-20 11:30:00;27.77
2021-01-20 11:31:00;27.79
2021-01-20 11:32:00;27.78
2021-01-20 11:33:00;27.76
2021-01-20 11:34:00;27.78
2021-01-20 11:35:00;27.78
2021-01-20 11:36:00;27.79
2021-01-20 11:37:00;27.79
2021-01-20 11:38:00;27.79
2021-01-20 11:39:00;27.75
2021-01-20 11:40:00;27.72
2021-01-20 11:41:00;27.75
2021-01-20 11:42:00;27.7
2021-01-20 11:43:00;27.69
2021-01-20 11:44:00;27.7
2021-01-20 11:45:00;27.62
2021-01-20 11:46:00;27.69
2021-01-20 11:47:00;27.69
2021-01-20 11:48:00;27.72
2021-01-20 11:49:00;27.69
2021-01-20 11:50:00;27.69
2021-01-20 11:51:00;27.67
2021-01-20 11:52:00;27.67
2021-01-20 11:53:00;27.67
2021-01-20 11:54:00;27.59
2021-01-20 11:55:00;27.65
2021-01-20 11:56:00;27.66
2021-01-20 11:57:00;27.66
2021-01-20 11:58:00;27.65
2021-01-20 11:59:00;27.59
2021-01-20 12:00:00;27.6
2021-01-20 12:01:00;27.64
2021-01-20 12:02:00;28.62
2021-01-20 12:03:00;28.19
2021-01-20 12:04:00;28.0
2021-01-20 12:05:00;28.1
2021-01-20 12:06:00;28.1
2021-01-20 12:07:00;28.05
2021-01-20 12:08:00;28.1
2021-01-20 12:09:00;28.22
2021-01-20 12:10:00;28.2
2021-01-20 12:11:00;28.2
2021-01-20 12:12:00;28.19
2021-01-20 12:13:00;28.1
2021-01-20 12:14:00;28.12
2021-01-20 12:15:00;28.2
2021-01-20 12:16:00;28.19
2021-01-20 12:17:00;28.22
2021-01-20 12:18:00;28.25
2021-01-20 12:19:00;28.13
2021-01-20 12:20:00;28.28
2021-01-20 12:21:00;28.3
2021-01-20 12:22:00;28.29
2021-01-20 12:23:00;28.28
2021-01-20 12:24:00;28.2
2021-01-20 12:25:00;28.11
2021-01-20 12:26:00;28.27
2021-01-20 12:27:00;28.33
2021-01-20 12:28:00;28.27
2021-01-20 12:29:00;28.35
2021-01-20 12:30:00;28.37
2021-01-20 12:31:00;28.4
2021-01-20 12:32:00;28.37
2021-01-20 12:33:00;28.11
2021-01-20 12:34:00;28.1
2021-01-20 12:35:00;28.25
2021-01-20 12:36:00;28.23
2021-01-20 12:37:00;28.25
2021-01-20 12:38:00;28.12
2021-01-20 12:39:00;28.15
2021-01-20 12:40:00;28.29
2021-01-20 12:41:00;28.29
2021-01-20 12:42:00;28.29
2021-01-20 12:43:00;28.28
2021-01-20 12:44:00;28.22
2021-01-20 12:45:00;28.21
2021-01-20 12:46:00;28.16
2021-01-20 12:47:00;28.16
2021-01-20 12:48:00;28.2
2021-01-20 12:49:00;28.2
2021-01-20 12:50:00;28.19
2021-01-20 12:51:00;28.15
2021-01-20 12:52:00;28.18
2021-01-20 12:53:00;28.18
2021-01-20 12:54:00;28.18
2021-01-20 12:55:00;28.11
2021-01-20 12:56:00;28.15
2021-01-20 12:57:00;28.15
2021-01-20 12:58:00;28.15
2021-01-20 12:59:00;28.13
2021-01-20 13:00:00;28.1
2021-01-20 13:01:00;28.11
2021-01-20 13:02:00;28.11
2021-01-20 13:03:00;28.12
2021-01-20 13:04:00;28.12
2021-01-20 13:05:00;28.12
2021-01-20 13:06:00;28.12
2021-01-20 13:07:00;28.08
2021-01-20 13:08:00;28.08
2021-01-20 13:09:00;28.08
2021-01-20 13:10:00;28.08
2021-01-20 13:11:00;28.07
2021-01-20 13:12:00;28.08
2021-01-20 13:13:00;28.05
2021-01-20 13:14:00;28.02
2021-01-20 13:15:00;28.04
2021-01-20 13:16:00;28.08
2021-01-20 13:17:00;28.1
2021-01-20 13:18:00;28.09
2021-01-20 13:19:00;28.02
2021-01-20 13:20:00;28.0
2021-01-20 13:21:00;28.02
2021-01-20 13:22:00;28.0
2021-01-20 13:23:00;28.01
2021-01-20 13:24:00;28.04
2021-01-20 13:25:00;28.1
2021-01-20 13:26:00;28.09
2021-01-20 13:27:00;28.1
2021-01-20 13:28:00;28.04
2021-01-20 13:29:00;28.1
2021-01-20 13:30:00;28.09
2021-01-20 13:31:00;28.09
2021-01-20 13:32:00;28.1
2021-01-20 13:33:00;28.1
2021-01-20 13:34:00;28.07
2021-01-20 13:35:00;28.06
2021-01-20 13:36:00;28.06
2021-01-20 13:37:00;28.09
2021-01-20 13:38:00;28.11
2021-01-20 13:39:00;28.11
2021-01-20 13:40:00;28.11
2021-01-20 13:41:00;28.05
2021-01-20 13:42:00;28.02
2021-01-20 13:43:00;28.07
2021-01-20 13:44:00;28.08
2021-01-20 13:45:00;28.08
2021-01-20 13:46:00;28.11
2021-01-20 13:47:00;28.1
2021-01-20 13:48:00;28.22
2021-01-20 13:49:00;28.22
2021-01-20 13:50:00;28.28
2021-01-20 13:51:00;28.25
2021-01-20 13:52:00;28.3
2021-01-20 13:53:00;28.3
2021-01-20 13:54:00;28.3
2021-01-20 13:55:00;28.3
2021-01-20 13:56:00;28.28
2021-01-20 13:57:00;28.3
2021-01-20 13:58:00;28.3
2021-01-20 13:59:00;28.34
2021-01-20 14:00:00;28.34
2021-01-20 14:01:00;28.33
2021-01-20 14:02:00;28.33
2021-01-20 14:03:00;28.39
2021-01-20 14:04:00;28.38
2021-01-20 14:05:00;28.31
2021-01-20 14:06:00;28.38
2021-01-20 14:07:00;28.28
2021-01-20 14:08:00;28.32
2021-01-20 14:09:00;28.37
2021-01-20 14:10:00;28.34
2021-01-20 14:11:00;28.31
2021-01-20 14:12:00;28.3
2021-01-20 14:13:00;28.3
2021-01-20 14:14:00;28.3
2021-01-20 14:15:00;28.3
2021-01-20 14:16:00;28.3
2021-01-20 14:17:00;28.38
2021-01-20 14:18:00;28.38
2021-01-20 14:19:00;28.45
2021-01-20 14:20:00;28.4
2021-01-20 14:21:00;28.49
2021-01-20 14:22:00;28.45
2021-01-20 14:23:00;28.47
2021-01-20 14:24:00;28.46
2021-01-20 14:25:00;28.49
2021-01-20 14:26:00;28.47
2021-01-20 14:27:00;28.47
2021-01-20 14:28:00;28.43
2021-01-20 14:29:00;28.47
2021-01-20 14:30:00;28.44
2021-01-20 14:31:00;28.37
2021-01-20 14:32:00;28.5
2021-01-20 14:33:00;28.4
2021-01-20 14:34:00;28.4
2021-01-20 14:35:00;28.45
2021-01-20 14:36:00;28.45
2021-01-20 14:37:00;28.45
2021-01-20 14:38:00;28.46
2021-01-20 14:39:00;28.49
2021-01-20 14:40:00;28.46
2021-01-20 14:41:00;28.46
2021-01-20 14:42:00;28.48
2021-01-20 14:43:00;28.46
2021-01-20 14:44:00;28.49
2021-01-20 14:45:00;28.46
2021-01-20 14:46:00;28.5
2021-01-20 14:47:00;28.49
2021-01-20 14:48:00;28.46
2021-01-20 14:49:00;28.46
2021-01-20 14:50:00;28.48
2021-01-20 14:51:00;28.45
2021-01-20 14:52:00;28.45
2021-01-20 14:53:00;28.39
2021-01-20 14:54:00;28.33
2021-01-20 14:55:00;28.3
2021-01-20 14:56:00;28.4
2021-01-20 14:57:00;28.29
2021-01-20 14:58:00;28.39
2021-01-20 14:59:00;28.33
2021-01-20 15:00:00;28.33
2021-01-20 15:01:00;28.29
2021-01-20 15:02:00;28.44
2021-01-20 15:03:00;28.43
2021-01-20 15:04:00;28.41
2021-01-20 15:05:00;28.43
2021-01-20 15:06:00;28.43
2021-01-20 15:07:00;28.43
2021-01-20 15:08:00;28.44
2021-01-20 15:09:00;28.44
2021-01-20 15:10:00;28.44
2021-01-20 15:11:00;28.33
2021-01-20 15:12:00;28.31
2021-01-20 15:13:00;28.31
2021-01-20 15:14:00;28.31
2021-01-20 15:15:00;28.31
2021-01-20 15:16:00;28.3
2021-01-20 15:17:00;28.3
2021-01-20 15:18:00;28.35
2021-01-20 15:19:00;28.35
2021-01-20 15:20:00;28.39
2021-01-20 15:21:00;28.35
2021-01-20 15:22:00;28.48
2021-01-20 15:23:00;28.44
2021-01-20 15:24:00;28.4
2021-01-20 15:25:00;28.53
2021-01-20 15:26:00;28.55
2021-01-20 15:27:00;28.57
2021-01-20 15:28:00;28.52
2021-01-20 15:29:00;28.58
2021-01-20 15:30:00;28.6
2021-01-20 15:31:00;28.57
2021-01-20 15:32:00;28.55
2021-01-20 15:33:00;28.59
2021-01-20 15:34:00;28.59
2021-01-20 15:35:00;28.53
2021-01-20 15:36:00;28.59
2021-01-20 15:37:00;28.49
2021-01-20 15:38:00;28.54
2021-01-20 15:39:00;28.49
2021-01-20 15:40:00;28.48
2021-01-20 15:41:00;28.47
2021-01-20 15:42:00;28.37
2021-01-20 15:43:00;28.34
2021-01-20 15:44:00;28.25
2021-01-20 15:45:00;28.21
2021-01-20 15:46:00;28.14
2021-01-20 15:47:00;28.15
2021-01-20 15:48:00;28.3
2021-01-20 15:49:00;28.31
2021-01-20 15:50:00;28.38
2021-01-20 15:51:00;28.44
2021-01-20 15:52:00;28.38
2021-01-20 15:53:00;28.48
2021-01-20 15:54:00;28.38
2021-01-20 15:55:00;28.47
2021-01-20 15:56:00;28.47
2021-01-20 15:57:00;28.48
2021-01-20 15:58:00;28.46
2021-01-20 15:59:00;28.46
2021-01-20 16:00:00;28.46
2021-01-20 16:01:00;28.3
2021-01-20 16:02:00;28.38
2021-01-20 16:03:00;28.37
2021-01-20 16:04:00;28.33
2021-01-20 16:05:00;28.26
2021-01-20 16:06:00;28.25
2021-01-20 16:07:00;28.11
2021-01-20 16:08:00;28.05
2021-01-20 16:09:00;28.11
2021-01-20 16:10:00;28.05
2021-01-20 16:11:00;27.99
2021-01-20 16:12:00;28.15
2021-01-20 16:13:00;28.18
2021-01-20 16:14:00;28.18
2021-01-20 16:15:00;28.25
2021-01-20 16:16:00;28.3
2021-01-20 16:17:00;28.3
2021-01-20 16:18:00;28.3
2021-01-20 16:19:00;28.25
2021-01-20 16:20:00;28.32
2021-01-20 16:21:00;28.3
2021-01-20 16:22:00;28.3
2021-01-20 16:23:00;28.25
2021-01-20 16:24:00;28.25
2021-01-20 16:25:00;28.24
2021-01-20 16:26:00;28.28
2021-01-20 16:27:00;28.28
2021-01-20 16:28:00;28.29
2021-01-20 16:29:00;28.29
2021-01-20 16:30:00;28.29
2021-01-20 16:31:00;28.28
2021-01-20 16:32:00;28.2
2021-01-20 16:33:00;28.15
2021-01-20 16:34:00;28.18
2021-01-20 16:35:00;28.12
2021-01-20 16:36:00;28.25
2021-01-20 16:37:00;28.19
2021-01-20 16:38:00;28.27
2021-01-20 16:39:00;28.2
2021-01-20 16:40:00;28.22
2021-01-20 16:41:00;28.27
2021-01-20 16:42:00;28.28
2021-01-20 16:43:00;28.23
2021-01-20 16:44:00;28.16
2021-01-20 16:45:00;28.09
2021-01-20 16:46:00;28.18
2021-01-20 16:47:00;28.06
2021-01-20 16:48:00;28.17
2021-01-20 16:49:00;28.16
2021-01-20 16:50:00;28.16
2021-01-20 16:51:00;28.15
2021-01-20 16:52:00;28.11
2021-01-20 16:53:00;28.08
2021-01-20 16:54:00;28.11
2021-01-20 16:55:00;28.07
2021-01-20 16:56:00;28.11
2021-01-20 16:57:00;28.0
2021-01-20 16:58:00;27.94
2021-01-20 16:59:00;28.02
2021-01-20 17:00:00;27.99
2021-01-20 17:01:00;27.97
2021-01-20 17:02:00;27.95
2021-01-20 17:03:00;27.95
2021-01-20 17:04:00;27.95
2021-01-20 17:05:00;27.91
2021-01-20 17:06:00;27.9
2021-01-20 17:07:00;27.85
2021-01-20 17:08:00;27.82
2021-01-20 17:09:00;27.89
2021-01-20 17:10:00;27.88
2021-01-20 17:11:00;27.89
2021-01-20 17:12:00;27.97
2021-01-20 17:13:00;27.97
2021-01-20 17:14:00;27.9
2021-01-20 17:15:00;27.99
2021-01-20 17:16:00;27.94
2021-01-20 17:17:00;27.95
2021-01-20 17:18:00;27.95
2021-01-20 17:19:00;27.97
2021-01-20 17:20:00;27.96
2021-01-20 17:21:00;27.98
2021-01-20 17:22:00;27.99
2021-01-20 17:23:00;28.0
2021-01-20 17:24:00;28.04
2021-01-20 17:25:00;28.08
2021-01-20 17:26:00;28.06
2021-01-20 17:27:00;28.1
2021-01-20 17:28:00;28.09
2021-01-20 17:29:00;28.11
2021-01-20 17:30:00;28.1
2021-01-20 17:31:00;27.99
2021-01-20 17:32:00;27.64
2021-01-20 17:33:00;27.82
2021-01-20 17:34:00;27.65
2021-01-20 17:35:00;27.58
2021-01-20 17:36:00;27.6
2021-01-20 17:37:00;27.38
2021-01-20 17:38:00;27.6
2021-01-20 17:39:00;27.67
2021-01-20 17:40:00;27.62
2021-01-20 17:41:00;27.63
2021-01-20 17:42:00;27.5
2021-01-20 17:43:00;27.43
2021-01-20 17:44:00;27.46
2021-01-20 17:45:00;27.5
2021-01-20 17:46:00;27.56
2021-01-20 17:47:00;27.69
2021-01-20 17:48:00;27.75
2021-01-20 17:49:00;27.7
2021-01-20 17:50:00;27.72
2021-01-20 17:51:00;27.66
2021-01-20 17:52:00;27.87
2021-01-20 17:53:00;28.05
2021-01-20 17:54:00;28.2
2021-01-20 17:55:00;28.2
2021-01-20 17:56:00;28.15
2021-01-20 17:57:00;28.3
2021-01-20 17:58:00;28.28
2021-01-20 17:59:00;28.24
2021-01-20 18:00:00;28.36
2021-01-20 18:01:00;28.42
2021-01-20 18:02:00;28.37
2021-01-20 18:03:00;28.42
2021-01-20 18:04:00;28.47
2021-01-20 18:05:00;28.43
2021-01-20 18:06:00;28.25
2021-01-20 18:07:00;28.16
2021-01-20 18:08:00;28.06
2021-01-20 18:09:00;27.85
2021-01-20 18:10:00;27.9
2021-01-20 18:11:00;27.95
2021-01-20 18:12:00;27.91
2021-01-20 18:13:00;27.78
2021-01-20 18:14:00;27.75
2021-01-20 18:15:00;27.76
2021-01-20 18:16:00;27.85
2021-01-20 18:17:00;27.82
2021-01-20 18:18:00;27.91
2021-01-20 18:19:00;27.92
2021-01-20 18:20:00;27.76
2021-01-20 18:21:00;27.93
2021-01-20 18:22:00;27.95
2021-01-20 18:23:00;28.09
2021-01-20 18:24:00;28.0
2021-01-20 18:25:00;27.95
2021-01-20 18:26:00;27.85
2021-01-20 18:27:00;27.82
2021-01-20 18:28:00;27.75
2021-01-20 18:29:00;27.71
2021-01-20 18:30:00;27.67
2021-01-20 18:31:00;27.58
2021-01-20 18:32:00;27.69
2021-01-20 18:33:00;27.62
2021-01-20 18:34:00;27.54
2021-01-20 18:35:00;27.63
2021-01-20 18:36:00;27.48
2021-01-20 18:37:00;27.32
2021-01-20 18:38:00;27.33
2021-01-20 18:39:00;27.23
2021-01-20 18:40:00;27.33
2021-01-20 18:41:00;27.22
2021-01-20 18:42:00;27.22
2021-01-20 18:43:00;27.24
2021-01-20 18:44:00;27.4
2021-01-20 18:45:00;27.51
2021-01-20 18:46:00;27.55
2021-01-20 18:47:00;27.44
2021-01-20 18:48:00;27.44
2021-01-20 18:49:00;27.5
2021-01-20 18:50:00;27.52
2021-01-20 18:51:00;27.68
2021-01-20 18:52:00;27.71
2021-01-20 18:53:00;27.74
2021-01-20 18:54:00;27.67
2021-01-20 18:55:00;27.79
2021-01-20 18:56:00;27.94
2021-01-20 18:57:00;27.82
2021-01-20 18:58:00;27.89
2021-01-20 18:59:00;27.86
2021-01-20 19:00:00;27.81
2021-01-20 19:01:00;27.74
2021-01-20 19:02:00;27.77
2021-01-20 19:03:00;27.79
2021-01-20 19:04:00;27.77
2021-01-20 19:05:00;27.67
2021-01-20 19:06:00;27.79
2021-01-20 19:07:00;27.71
2021-01-20 19:08:00;27.76
2021-01-20 19:09:00;27.75
2021-01-20 19:10:00;27.71
2021-01-20 19:11:00;27.71
2021-01-20 19:12:00;27.75
2021-01-20 19:13:00;27.69
2021-01-20 19:14:00;27.71
2021-01-20 19:15:00;27.71
2021-01-20 19:16:00;27.76
2021-01-20 19:17:00;27.75
2021-01-20 19:18:00;27.78
2021-01-20 19:19:00;27.77
2021-01-20 19:20:00;27.71
2021-01-20 19:21:00;27.7
2021-01-20 19:22:00;27.7
2021-01-20 19:23:00;27.72
2021-01-20 19:24:00;27.7
2021-01-20 19:25:00;27.73
2021-01-20 19:26:00;27.72
2021-01-20 19:27:00;27.7
2021-01-20 19:28:00;27.73
2021-01-20 19:29:00;27.78
2021-01-20 19:30:00;27.91
2021-01-20 19:31:00;28.0
2021-01-20 19:32:00;28.03
2021-01-20 19:33:00;28.14
2021-01-20 19:34:00;27.94
2021-01-20 19:35:00;28.0
2021-01-20 19:36:00;27.95
2021-01-20 19:37:00;27.88
2021-01-20 19:38:00;27.85
2021-01-20 19:39:00;27.81
2021-01-20 19:40:00;27.83
2021-01-20 19:41:00;27.8
2021-01-20 19:42:00;27.79
2021-01-20 19:43:00;27.81
2021-01-20 19:44:00;27.86
2021-01-20 19:45:00;27.87
2021-01-20 19:46:00;27.89
2021-01-20 19:47:00;27.92
2021-01-20 19:48:00;28.01
2021-01-20 19:49:00;28.04
2021-01-20 19:50:00;28.06
2021-01-20 19:51:00;28.15
2021-01-20 19:52:00;28.3
2021-01-20 19:53:00;28.34
2021-01-20 19:54:00;28.17
2021-01-20 19:55:00;28.15
2021-01-20 19:56:00;28.13
2021-01-20 19:57:00;28.13
2021-01-20 19:58:00;28.07
2021-01-20 19:59:00;28.01
2021-01-20 20:00:00;28.11
2021-01-20 20:01:00;28.21
2021-01-20 20:02:00;28.16
2021-01-20 20:03:00;28.11
2021-01-20 20:04:00;28.06
2021-01-20 20:05:00;28.0
2021-01-20 20:06:00;27.97
2021-01-20 20:07:00;27.92
2021-01-20 20:08:00;27.87
2021-01-20 20:09:00;27.91
2021-01-20 20:10:00;27.96
2021-01-20 20:11:00;28.04
2021-01-20 20:12:00;27.94
2021-01-20 20:13:00;27.94
2021-01-20 20:14:00;27.95
2021-01-20 20:15:00;27.94
2021-01-20 20:16:00;27.92
2021-01-20 20:17:00;27.89
2021-01-20 20:18:00;27.93
2021-01-20 20:19:00;27.98
2021-01-20 20:20:00;27.96
2021-01-20 20:21:00;27.94
2021-01-20 20:22:00;27.94
2021-01-20 20:23:00;27.95
2021-01-20 20:24:00;27.95
2021-01-20 20:25:00;27.96
2021-01-20 20:26:00;27.94
2021-01-20 20:27:00;28.0
2021-01-20 20:28:00;28.05
2021-01-20 20:29:00;28.16
2021-01-20 20:30:00;28.21
2021-01-20 20:31:00;28.23
2021-01-20 20:32:00;28.23
2021-01-20 20:33:00;28.34
2021-01-20 20:34:00;28.38
2021-01-20 20:35:00;28.34
2021-01-20 20:36:00;28.34
2021-01-20 20:37:00;28.36
2021-01-20 20:38:00;28.39
2021-01-20 20:39:00;28.47
2021-01-20 20:40:00;28.54
2021-01-20 20:41:00;28.52
2021-01-20 20:42:00;28.4
2021-01-20 20:43:00;28.38
2021-01-20 20:44:00;28.33
2021-01-20 20:45:00;28.29
2021-01-20 20:46:00;28.33
2021-01-20 20:47:00;28.3
2021-01-20 20:48:00;28.45
2021-01-20 20:49:00;28.5
2021-01-20 20:50:00;28.53
2021-01-20 20:51:00;28.5
2021-01-20 20:52:00;28.43
2021-01-20 20:53:00;28.42
2021-01-20 20:54:00;28.44
2021-01-20 20:55:00;28.49
2021-01-20 20:56:00;28.48
2021-01-20 20:57:00;28.47
2021-01-20 20:58:00;28.47
2021-01-20 20:59:00;28.36
2021-01-20 21:00:00;28.43
2021-01-20 21:01:00;28.41
2021-01-20 21:02:00;28.4
2021-01-20 21:03:00;28.38
2021-01-20 21:04:00;28.39
2021-01-20 21:05:00;28.38
2021-01-20 21:06:00;28.43
2021-01-20 21:07:00;28.39
2021-01-20 21:08:00;28.36
2021-01-20 21:09:00;28.33
2021-01-20 21:10:00;28.34
2021-01-20 21:11:00;28.29
2021-01-20 21:12:00;28.32
2021-01-20 21:13:00;28.3
2021-01-20 21:14:00;28.34
2021-01-20 21:15:00;28.46
2021-01-20 21:16:00;28.34
2021-01-20 21:17:00;28.33
2021-01-20 21:18:00;28.32
2021-01-20 21:19:00;28.28
2021-01-20 21:20:00;28.27
2021-01-20 21:21:00;28.29
2021-01-20 21:22:00;28.29
2021-01-20 21:23:00;28.31
2021-01-20 21:24:00;28.3
2021-01-20 21:25:00;28.3
2021-01-20 21:26:00;28.35
2021-01-20 21:27:00;28.39
2021-01-20 21:28:00;28.42
2021-01-20 21:29:00;28.47
2021-01-20 21:30:00;28.47
2021-01-20 21:31:00;28.48
2021-01-20 21:32:00;28.53
2021-01-20 21:33:00;28.49
2021-01-20 21:34:00;28.47
2021-01-20 21:35:00;28.48
2021-01-20 21:36:00;28.49
2021-01-20 21:37:00;28.45
2021-01-20 21:38:00;28.5
2021-01-20 21:39:00;28.5
2021-01-20 21:40:00;28.49
2021-01-20 21:41:00;28.52
2021-01-20 21:42:00;28.46
2021-01-20 21:43:00;28.46
2021-01-20 21:44:00;28.48
2021-01-20 21:45:00;28.5
2021-01-20 21:46:00;28.61
2021-01-20 21:47:00;28.6
2021-01-20 21:48:00;28.65
2021-01-20 21:49:00;28.7
2021-01-20 21:50:00;28.72
2021-01-20 21:51:00;28.75
2021-01-20 21:52:00;28.74
2021-01-20 21:53:00;28.71
2021-01-20 21:54:00;28.63
2021-01-20 21:55:00;28.59
2021-01-20 21:56:00;28.6
2021-01-20 21:57:00;28.64
2021-01-20 21:58:00;28.68
2021-01-20 21:59:00;28.72
2021-01-20 22:00:00;28.77
2021-01-20 22:01:00;28.83
2021-01-20 22:02:00;28.85
2021-01-20 22:03:00;28.93
2021-01-20 22:04:00;29.03
2021-01-20 22:05:00;29.3
2021-01-20 22:06:00;29.55
2021-01-20 22:07:00;29.24
2021-01-20 22:08:00;29.29
2021-01-20 22:09:00;29.11
2021-01-20 22:10:00;29.1
2021-01-20 22:11:00;28.91
2021-01-20 22:12:00;29.08
2021-01-20 22:13:00;29.01
2021-01-20 22:14:00;28.97
2021-01-20 22:15:00;29.05
2021-01-20 22:16:00;29.06
2021-01-20 22:17:00;29.12
2021-01-20 22:18:00;29.05
2021-01-20 22:19:00;29.06
2021-01-20 22:20:00;29.07
2021-01-20 22:21:00;29.0
2021-01-20 22:22:00;29.03
2021-01-20 22:23:00;29.07
2021-01-20 22:24:00;29.34
2021-01-20 22:25:00;29.38
2021-01-20 22:26:00;29.36
2021-01-20 22:27:00;29.35
2021-01-20 22:28:00;29.33
2021-01-20 22:29:00;29.17
2021-01-20 22:30:00;29.2
2021-01-20 22:31:00;29.14
2021-01-20 22:32:00;29.05
2021-01-20 22:33:00;28.96
2021-01-20 22:34:00;28.85
2021-01-20 22:35:00;28.77
2021-01-20 22:36:00;28.79
2021-01-20 22:37:00;28.93
2021-01-20 22:38:00;28.96
2021-01-20 22:39:00;28.98
2021-01-20 22:40:00;28.97
2021-01-20 22:41:00;28.93
2021-01-20 22:42:00;28.92
2021-01-20 22:43:00;28.92
2021-01-20 22:44:00;28.97
2021-01-20 22:45:00;28.95
2021-01-20 22:46:00;28.91
2021-01-20 22:47:00;28.84
2021-01-20 22:48:00;28.8
2021-01-20 22:49:00;28.8
2021-01-20 22:50:00;28.75
2021-01-20 22:51:00;28.64
2021-01-20 22:52:00;28.58
2021-01-20 22:53:00;28.53
2021-01-20 22:54:00;28.58
2021-01-20 22:55:00;28.65
2021-01-20 22:56:00;28.61
2021-01-20 22:57:00;28.62
2021-01-20 22:58:00;28.71
2021-01-20 22:59:00;28.82
2021-01-20 23:00:00;28.81
2021-01-20 23:01:00;28.82
2021-01-20 23:02:00;28.82
2021-01-20 23:03:00;28.82
2021-01-20 23:04:00;28.69
2021-01-20 23:05:00;28.7
2021-01-20 23:06:00;28.63
2021-01-20 23:07:00;28.52
2021-01-20 23:08:00;28.57
2021-01-20 23:09:00;28.48
2021-01-20 23:10:00;28.4
2021-01-20 23:11:00;28.35
2021-01-20 23:12:00;28.37
2021-01-20 23:13:00;28.45
2021-01-20 23:14:00;28.47
2021-01-20 23:15:00;28.43
2021-01-20 23:16:00;28.49
2021-01-20 23:17:00;28.46
2021-01-20 23:18:00;28.38
2021-01-20 23:19:00;28.47
2021-01-20 23:20:00;28.4
2021-01-20 23:21:00;28.35
2021-01-20 23:22:00;28.31
2021-01-20 23:23:00;28.32
2021-01-20 23:24:00;28.32
2021-01-20 23:25:00;28.29
2021-01-20 23:26:00;28.2
2021-01-20 23:27:00;28.2
2021-01-20 23:28:00;28.2
2021-01-20 23:29:00;28.33
2021-01-20 23:30:00;28.33
2021-01-20 23:31:00;28.32
2021-01-20 23:32:00;28.32
2021-01-20 23:33:00;28.2
2021-01-20 23:34:00;28.21
2021-01-20 23:35:00;28.17
2021-01-20 23:36:00;28.25
2021-01-20 23:37:00;28.28
2021-01-20 23:38:00;28.23
2021-01-20 23:39:00;28.25
2021-01-20 23:40:00;28.17
2021-01-20 23:41:00;28.2
2021-01-20 23:42:00;28.12
2021-01-20 23:43:00;28.13
2021-01-20 23:44:00;28.15
2021-01-20 23:45:00;28.19
2021-01-20 23:46:00;28.26
2021-01-20 23:47:00;28.26
2021-01-20 23:48:00;28.36
2021-01-20 23:49:00;28.24
2021-01-20 23:50:00;28.14
2021-01-20 23:51:00;28.26
2021-01-20 23:52:00;28.17
2021-01-20 23:53:00;28.18
2021-01-20 23:54:00;28.2
2021-01-20 23:55:00;28.16
2021-01-20 23:56:00;28.23
